gid	fam
Zm00001d000045	Trihelix
Zm00001d000112	NAC
Zm00001d000179	ERF
Zm00001d000184	MYB_related
Zm00001d000236	bHLH
Zm00001d000238	GRF
Zm00001d000247	HD-ZIP
Zm00001d000291	bHLH
Zm00001d000303	HD-ZIP
Zm00001d000339	ERF
Zm00001d000358	ARF
Zm00001d000361	MYB
Zm00001d001775	NF-YB
Zm00001d001837	MYB
Zm00001d001838	B3
Zm00001d001879	ARF
Zm00001d001894	Trihelix
Zm00001d001933	C3H
Zm00001d001936	G2-like
Zm00001d001945	ARF
Zm00001d001948	WOX
Zm00001d001952	C3H
Zm00001d002005	SBP
Zm00001d002011	ERF
Zm00001d002023	GRAS
Zm00001d002025	AP2
Zm00001d002075	AP2
Zm00001d002079	ERF
Zm00001d002121	bHLH
Zm00001d002143	bZIP
Zm00001d002200	bHLH
Zm00001d002234	HD-ZIP
Zm00001d002281	MYB_related
Zm00001d002285	NAC
Zm00001d002288	bHLH
Zm00001d002332	MIKC_MADS
Zm00001d002364	ERF
Zm00001d002405	WRKY
Zm00001d002424	Trihelix
Zm00001d002429	GRF
Zm00001d002439	G2-like
Zm00001d002449	LFY
Zm00001d002452	WRKY
Zm00001d002476	MYB
Zm00001d002482	MYB_related
Zm00001d002494	C2H2
Zm00001d002545	MYB_related
Zm00001d002562	B3
Zm00001d002573	GRAS
Zm00001d002618	ERF
Zm00001d002620	ERF
Zm00001d002649	G2-like
Zm00001d002654	C2H2
Zm00001d002661	Nin-like
Zm00001d002718	GRAS
Zm00001d002731	C2H2
Zm00001d002732	C2H2
Zm00001d002744	ERF
Zm00001d002747	ERF
Zm00001d002750	MYB
Zm00001d002754	HD-ZIP
Zm00001d002760	ERF
Zm00001d002761	ERF
Zm00001d002762	ERF
Zm00001d002781	Trihelix
Zm00001d002782	Trihelix
Zm00001d002790	GATA
Zm00001d002794	WRKY
Zm00001d002799	HD-ZIP
Zm00001d002801	Trihelix
Zm00001d002806	DBB
Zm00001d002811	GATA
Zm00001d002818	TCP
Zm00001d002828	NAC
Zm00001d002829	YABBY
Zm00001d002843	MYB
Zm00001d002867	ERF
Zm00001d002929	ARF
Zm00001d002934	NAC
Zm00001d002945	NAC
Zm00001d003011	ARF
Zm00001d003037	G2-like
Zm00001d003052	NAC
Zm00001d003064	MYB
Zm00001d003080	NAC
Zm00001d003162	CO-like
Zm00001d003168	MIKC_MADS
Zm00001d003176	Nin-like
Zm00001d003180	bZIP
Zm00001d003195	DBB
Zm00001d003293	NAC
Zm00001d003331	WRKY
Zm00001d003335	C2H2
Zm00001d003341	C2H2
Zm00001d003342	C2H2
Zm00001d003409	M-type_MADS
Zm00001d003412	MYB
Zm00001d003414	NAC
Zm00001d003451	EIL
Zm00001d003496	MYB_related
Zm00001d003549	Trihelix
Zm00001d003553	GRAS
Zm00001d003583	NAC
Zm00001d003601	ARF
Zm00001d003616	C3H
Zm00001d003626	NAC
Zm00001d003645	ZF-HD
Zm00001d003657	GRAS
Zm00001d003677	bHLH
Zm00001d003755	E2F/DP
Zm00001d003822	S1Fa-like
Zm00001d003836	Trihelix
Zm00001d003871	ERF
Zm00001d003884	ERF
Zm00001d003958	CAMTA
Zm00001d003964	bHLH
Zm00001d004007	bHLH
Zm00001d004086	WRKY
Zm00001d004095	bHLH
Zm00001d004102	ARR-B
Zm00001d004230	HD-ZIP
Zm00001d004234	HD-ZIP
Zm00001d004358	B3
Zm00001d004497	C2H2
Zm00001d004512	E2F/DP
Zm00001d004541	C3H
Zm00001d004651	C3H
Zm00001d004681	MYB_related
Zm00001d004744	MYB
Zm00001d004791	TCP
Zm00001d004822	C2H2
Zm00001d004857	bZIP
Zm00001d004889	WOX
Zm00001d004994	C2H2
Zm00001d004995	C2H2
Zm00001d005005	GATA
Zm00001d005016	AP2
Zm00001d005028	NAC
Zm00001d005029	GRAS
Zm00001d005055	MYB_related
Zm00001d005056	WRKY
Zm00001d005057	WRKY
Zm00001d005087	G2-like
Zm00001d005100	Dof
Zm00001d005160	BBR-BPC
Zm00001d005208	NAC
Zm00001d005244	bZIP
Zm00001d005300	MYB
Zm00001d005307	MYB
Zm00001d005323	C2H2
Zm00001d005566	C2H2
Zm00001d005578	bZIP
Zm00001d005584	HB-other
Zm00001d005622	WRKY
Zm00001d005692	HD-ZIP
Zm00001d005737	TCP
Zm00001d005740	bHLH
Zm00001d005749	WRKY
Zm00001d005757	ZF-HD
Zm00001d005760	MYB
Zm00001d005763	TCP
Zm00001d005784	MYB
Zm00001d005786	C2H2
Zm00001d005787	C2H2
Zm00001d005788	C2H2
Zm00001d005798	ERF
Zm00001d005837	C2H2
Zm00001d005841	bHLH
Zm00001d005843	HSF
Zm00001d005865	GeBP
Zm00001d005871	C2H2
Zm00001d005875	HD-ZIP
Zm00001d005884	bZIP
Zm00001d005888	HSF
Zm00001d005891	bHLH
Zm00001d005892	ERF
Zm00001d005919	bHLH
Zm00001d005931	ZF-HD
Zm00001d005939	bHLH
Zm00001d005951	HD-ZIP
Zm00001d005962	bZIP
Zm00001d005964	bHLH
Zm00001d005969	bHLH
Zm00001d005970	Dof
Zm00001d005993	NF-YC
Zm00001d006001	WRKY
Zm00001d006022	bHLH
Zm00001d006027	bZIP
Zm00001d006028	SBP
Zm00001d006053	NAC
Zm00001d006065	bHLH
Zm00001d006091	SBP
Zm00001d006094	MIKC_MADS
Zm00001d006106	NAC
Zm00001d006110	bHLH
Zm00001d006127	bZIP
Zm00001d006134	MYB_related
Zm00001d006150	bHLH
Zm00001d006157	bZIP
Zm00001d006165	TCP
Zm00001d006169	ERF
Zm00001d006170	ERF
Zm00001d006195	HD-ZIP
Zm00001d006198	DBB
Zm00001d006209	SRS
Zm00001d006236	MYB
Zm00001d006293	Nin-like
Zm00001d006319	C2H2
Zm00001d006331	Trihelix
Zm00001d006344	C2H2
Zm00001d006348	GRF
Zm00001d006451	SBP
Zm00001d006463	Dof
Zm00001d006551	GRAS
Zm00001d006565	bHLH
Zm00001d006578	bHLH
Zm00001d006585	MYB
Zm00001d006619	C3H
Zm00001d006653	ERF
Zm00001d006668	M-type_MADS
Zm00001d006677	BES1
Zm00001d006682	C2H2
Zm00001d006687	HD-ZIP
Zm00001d006701	GRAS
Zm00001d006702	WRKY
Zm00001d006721	GRAS
Zm00001d006733	bHLH
Zm00001d006735	C2H2
Zm00001d006736	C2H2
Zm00001d006739	LBD
Zm00001d006744	GRAS
Zm00001d006768	C2H2
Zm00001d006791	MYB_related
Zm00001d006813	NF-YB
Zm00001d006835	NF-YA
Zm00001d006848	MYB_related
Zm00001d006922	MYB
Zm00001d006945	GeBP
Zm00001d007033	ERF
Zm00001d007042	bZIP
Zm00001d007119	ERF
Zm00001d007173	B3
Zm00001d007188	EIL
Zm00001d007191	MYB
Zm00001d007236	ERF
Zm00001d007248	GRAS
Zm00001d007311	bHLH
Zm00001d007329	WRKY
Zm00001d007339	C2H2
Zm00001d007382	bHLH
Zm00001d007384	E2F/DP
Zm00001d007436	NF-YC
Zm00001d007465	GRF
Zm00001d007525	HB-other
Zm00001d007536	bHLH
Zm00001d007675	HB-other
Zm00001d007713	GRAS
Zm00001d007768	bHLH
Zm00001d007840	AP2
Zm00001d007842	TALE
Zm00001d007850	NAC
Zm00001d007868	TCP
Zm00001d007882	NF-YA
Zm00001d007883	MYB_related
Zm00001d007891	M-type_MADS
Zm00001d007919	LBD
Zm00001d007949	MIKC_MADS
Zm00001d007962	G2-like
Zm00001d008174	bHLH
Zm00001d008176	SBP
Zm00001d008190	WRKY
Zm00001d008198	MYB_related
Zm00001d008205	bHLH
Zm00001d008225	bZIP
Zm00001d008229	MYB_related
Zm00001d008251	MYB
Zm00001d008308	NAC
Zm00001d008322	C3H
Zm00001d008323	C3H
Zm00001d008356	C3H
Zm00001d008399	NAC
Zm00001d008403	NAC
Zm00001d008404	bHLH
Zm00001d008444	bHLH
Zm00001d008528	MYB
Zm00001d008546	ERF
Zm00001d008578	WRKY
Zm00001d008601	MYB_related
Zm00001d008602	MYB
Zm00001d008612	WOX
Zm00001d008648	NF-X1
Zm00001d008695	MYB
Zm00001d008734	bZIP
Zm00001d008735	C3H
Zm00001d008793	WRKY
Zm00001d008794	WRKY
Zm00001d008800	MYB_related
Zm00001d008808	MYB_related
Zm00001d008812	C3H
Zm00001d008817	NAC
Zm00001d008853	bHLH
Zm00001d008869	HD-ZIP
Zm00001d008872	ERF
Zm00001d008882	MIKC_MADS
Zm00001d008919	TCP
Zm00001d008942	HB-other
Zm00001d008968	ERF
Zm00001d009013	bHLH
Zm00001d009017	Nin-like
Zm00001d009030	C2H2
Zm00001d009066	MYB
Zm00001d009088	MYB
Zm00001d009103	ERF
Zm00001d009160	Trihelix
Zm00001d009184	MYB
Zm00001d009193	GATA
Zm00001d009198	M-type_MADS
Zm00001d009244	NAC
Zm00001d009435	MYB
Zm00001d009468	RAV
Zm00001d009562	HB-other
Zm00001d009573	ERF
Zm00001d009595	WRKY
Zm00001d009599	MYB_related
Zm00001d009604	GATA
Zm00001d009619	WRKY
Zm00001d009622	ERF
Zm00001d009628	M-type_MADS
Zm00001d009646	GRAS
Zm00001d009668	GATA
Zm00001d009674	ZF-HD
Zm00001d009698	WRKY
Zm00001d009715	bHLH
Zm00001d009778	bHLH
Zm00001d009802	HB-other
Zm00001d009823	LBD
Zm00001d009939	WRKY
Zm00001d009999	bHLH
Zm00001d010048	ERF
Zm00001d010060	TALE
Zm00001d010077	B3
Zm00001d010087	MYB_related
Zm00001d010131	C2H2
Zm00001d010144	NAC
Zm00001d010168	bZIP
Zm00001d010175	ERF
Zm00001d010201	MYB
Zm00001d010227	NAC
Zm00001d010232	MIKC_MADS
Zm00001d010233	MIKC_MADS
Zm00001d010239	NAC
Zm00001d010264	LBD
Zm00001d010280	G2-like
Zm00001d010309	SBP
Zm00001d010399	WRKY
Zm00001d010415	C2H2
Zm00001d010472	MYB_related
Zm00001d010574	NF-YB
Zm00001d010616	WRKY
Zm00001d010617	WRKY
Zm00001d010634	G2-like
Zm00001d010638	bZIP
Zm00001d010658	bZIP
Zm00001d010667	bZIP
Zm00001d010676	ERF
Zm00001d010713	CPP
Zm00001d010730	TCP
Zm00001d010740	Dof
Zm00001d010749	LBD
Zm00001d010751	LBD
Zm00001d010758	HB-other
Zm00001d010785	GATA
Zm00001d010805	WRKY
Zm00001d010812	HSF
Zm00001d010842	C2H2
Zm00001d010889	MYB_related
Zm00001d010907	MYB
Zm00001d010933	MYB
Zm00001d010948	TALE
Zm00001d010956	C3H
Zm00001d010967	MYB_related
Zm00001d010978	LBD
Zm00001d010987	AP2
Zm00001d010998	WOX
Zm00001d011058	Dof
Zm00001d011070	GRAS
Zm00001d011133	WRKY
Zm00001d011134	AP2
Zm00001d011139	C2H2
Zm00001d011142	Nin-like
Zm00001d011187	bHLH
Zm00001d011212	bHLH
Zm00001d011223	C2H2
Zm00001d011237	WRKY
Zm00001d011252	MYB_related
Zm00001d011297	MYB_related
Zm00001d011323	M-type_MADS
Zm00001d011355	C3H
Zm00001d011403	WRKY
Zm00001d011406	HSF
Zm00001d011413	WRKY
Zm00001d011470	C3H
Zm00001d011496	WRKY
Zm00001d011499	ERF
Zm00001d011515	MYB_related
Zm00001d011527	WRKY
Zm00001d011537	WOX
Zm00001d011555	NAC
Zm00001d011560	HB-other
Zm00001d011571	Trihelix
Zm00001d011589	NAC
Zm00001d011590	NAC
Zm00001d011597	E2F/DP
Zm00001d011614	MYB
Zm00001d011639	B3
Zm00001d011645	MYB
Zm00001d011669	MYB
Zm00001d011692	MYB_related
Zm00001d011712	B3
Zm00001d011730	Trihelix
Zm00001d011739	MYB
Zm00001d011745	B3
Zm00001d011748	MIKC_MADS
Zm00001d011771	GATA
Zm00001d011785	G2-like
Zm00001d011843	SRS
Zm00001d011847	bHLH
Zm00001d011881	GRAS
Zm00001d011953	ARF
Zm00001d011969	NAC
Zm00001d011985	TCP
Zm00001d012015	SBP
Zm00001d012049	C3H
Zm00001d012067	bHLH
Zm00001d012092	C2H2
Zm00001d012094	C2H2
Zm00001d012128	ARR-B
Zm00001d012180	LBD
Zm00001d012255	MYB
Zm00001d012260	C2H2
Zm00001d012273	bZIP
Zm00001d012280	Dof
Zm00001d012285	MYB_related
Zm00001d012294	bZIP
Zm00001d012296	bZIP
Zm00001d012330	WOX
Zm00001d012337	MYB
Zm00001d012379	MYB
Zm00001d012419	WOX
Zm00001d012427	C2H2
Zm00001d012445	NF-YB
Zm00001d012482	WRKY
Zm00001d012505	WRKY
Zm00001d012507	WRKY
Zm00001d012508	WRKY
Zm00001d012516	WOX
Zm00001d012527	NAC
Zm00001d012544	MYB
Zm00001d012553	bZIP
Zm00001d012584	ERF
Zm00001d012585	ERF
Zm00001d012605	C2H2
Zm00001d012642	bHLH
Zm00001d012688	CPP
Zm00001d012703	Dof
Zm00001d012719	bZIP
Zm00001d012725	TCP
Zm00001d012731	ARF
Zm00001d012734	VOZ
Zm00001d012746	WRKY
Zm00001d012749	HSF
Zm00001d012751	HB-other
Zm00001d012757	GATA
Zm00001d012789	WRKY
Zm00001d012823	HSF
Zm00001d012916	SBP
Zm00001d012963	Dof
Zm00001d012968	C2H2
Zm00001d013003	NAC
Zm00001d013070	MYB
Zm00001d013073	bHLH
Zm00001d013074	bZIP
Zm00001d013119	TCP
Zm00001d013130	bHLH
Zm00001d013138	GeBP
Zm00001d013151	NAC
Zm00001d013164	MYB
Zm00001d013172	bZIP
Zm00001d013200	Dof
Zm00001d013202	G2-like
Zm00001d013208	C2H2
Zm00001d013232	bHLH
Zm00001d013258	MIKC_MADS
Zm00001d013259	MIKC_MADS
Zm00001d013265	MYB_related
Zm00001d013307	WRKY
Zm00001d013331	GATA
Zm00001d013346	GRF
Zm00001d013357	bHLH
Zm00001d013370	bHLH
Zm00001d013385	GRAS
Zm00001d013399	MYB
Zm00001d013409	ZF-HD
Zm00001d013443	CO-like
Zm00001d013451	GeBP
Zm00001d013465	GRAS
Zm00001d013467	TCP
Zm00001d013497	C3H
Zm00001d013501	NF-YA
Zm00001d013547	TALE
Zm00001d013559	TALE
Zm00001d013560	TALE
Zm00001d013625	LBD
Zm00001d013630	WRKY
Zm00001d013661	YABBY
Zm00001d013662	YABBY
Zm00001d013676	NF-YA
Zm00001d013694	MYB_related
Zm00001d013709	WRKY
Zm00001d013722	B3
Zm00001d013723	B3
Zm00001d013724	Dof
Zm00001d013732	LBD
Zm00001d013777	MYB_related
Zm00001d013783	Dof
Zm00001d013792	M-type_MADS
Zm00001d013801	MYB
Zm00001d013827	MYB_related
Zm00001d013849	Trihelix
Zm00001d013895	YABBY
Zm00001d013931	MYB
Zm00001d014013	ARF
Zm00001d014113	ERF
Zm00001d014117	MYB_related
Zm00001d014132	E2F/DP
Zm00001d014201	HD-ZIP
Zm00001d014286	CAMTA
Zm00001d014345	C2H2
Zm00001d014364	MYB
Zm00001d014377	ARF
Zm00001d014378	C3H
Zm00001d014405	NAC
Zm00001d014507	ARF
Zm00001d014628	HD-ZIP
Zm00001d014629	HD-ZIP
Zm00001d014630	HD-ZIP
Zm00001d014656	GATA
Zm00001d014690	ARF
Zm00001d014698	SBP
Zm00001d014705	C3H
Zm00001d014710	bZIP
Zm00001d014723	ARR-B
Zm00001d014762	SRS
Zm00001d014765	DBB
Zm00001d014795	bZIP
Zm00001d014814	bHLH
Zm00001d014843	NAC
Zm00001d014863	MYB_related
Zm00001d014917	C2H2
Zm00001d014938	Trihelix
Zm00001d014989	MYB
Zm00001d014995	bHLH
Zm00001d015118	bZIP
Zm00001d015153	bZIP
Zm00001d015201	Nin-like
Zm00001d015226	G2-like
Zm00001d015233	SBP
Zm00001d015243	ARF
Zm00001d015265	HB-other
Zm00001d015381	M-type_MADS
Zm00001d015407	G2-like
Zm00001d015410	SBP
Zm00001d015412	Trihelix
Zm00001d015421	bZIP
Zm00001d015451	SBP
Zm00001d015468	CO-like
Zm00001d015515	WRKY
Zm00001d015521	G2-like
Zm00001d015525	C2H2
Zm00001d015549	TALE
Zm00001d015605	Trihelix
Zm00001d015614	MYB
Zm00001d015639	ERF
Zm00001d015664	bZIP
Zm00001d015671	HB-other
Zm00001d015743	bZIP
Zm00001d015747	MYB_related
Zm00001d015759	ERF
Zm00001d015815	GRAS
Zm00001d015845	bZIP
Zm00001d015846	bZIP
Zm00001d015990	CPP
Zm00001d016000	MYB_related
Zm00001d016052	WRKY
Zm00001d016095	bHLH
Zm00001d016119	NAC
Zm00001d016154	bZIP
Zm00001d016175	G2-like
Zm00001d016231	BES1
Zm00001d016255	HSF
Zm00001d016257	bHLH
Zm00001d016260	ERF
Zm00001d016262	ERF
Zm00001d016298	TALE
Zm00001d016354	bHLH
Zm00001d016361	GATA
Zm00001d016457	WRKY
Zm00001d016520	HSF
Zm00001d016604	Trihelix
Zm00001d016616	ERF
Zm00001d016623	ERF
Zm00001d016632	C2H2
Zm00001d016650	M-type_MADS
Zm00001d016674	HSF
Zm00001d016732	bZIP
Zm00001d016737	E2F/DP
Zm00001d016755	Trihelix
Zm00001d016772	FAR1
Zm00001d016784	MYB_related
Zm00001d016791	M-type_MADS
Zm00001d016793	C2H2
Zm00001d016814	NAC
Zm00001d016836	C3H
Zm00001d016838	ARF
Zm00001d016848	ERF
Zm00001d016873	bHLH
Zm00001d016876	Trihelix
Zm00001d016907	E2F/DP
Zm00001d016911	C2H2
Zm00001d016914	MYB_related
Zm00001d016924	EIL
Zm00001d016950	NAC
Zm00001d016952	MYB_related
Zm00001d016957	M-type_MADS
Zm00001d017084	NAC
Zm00001d017112	B3
Zm00001d017129	GRAS
Zm00001d017138	bHLH
Zm00001d017147	DBB
Zm00001d017164	FAR1
Zm00001d017165	FAR1
Zm00001d017176	DBB
Zm00001d017207	AP2
Zm00001d017243	MYB
Zm00001d017268	MYB
Zm00001d017350	TCP
Zm00001d017366	ERF
Zm00001d017383	MYB
Zm00001d017385	MYB
Zm00001d017391	YABBY
Zm00001d017396	NAC
Zm00001d017409	GATA
Zm00001d017412	DBB
Zm00001d017420	Trihelix
Zm00001d017422	HD-ZIP
Zm00001d017462	ERF
Zm00001d017466	ERF
Zm00001d017477	ERF
Zm00001d017478	ERF
Zm00001d017480	ERF
Zm00001d017507	MYB_related
Zm00001d017513	GRAS
Zm00001d017559	bHLH
Zm00001d017560	C2H2
Zm00001d017563	G2-like
Zm00001d017575	Dof
Zm00001d017591	ERF
Zm00001d017592	ERF
Zm00001d017595	C3H
Zm00001d017602	GRF
Zm00001d017609	MYB_related
Zm00001d017614	MIKC_MADS
Zm00001d017618	B3
Zm00001d017642	MYB_related
Zm00001d017677	bHLH
Zm00001d017702	G2-like
Zm00001d017712	WRKY
Zm00001d017724	bHLH
Zm00001d017726	G2-like
Zm00001d017742	GRF
Zm00001d017778	bHLH
Zm00001d017782	MYB_related
Zm00001d017784	ZF-HD
Zm00001d017788	Dof
Zm00001d017804	bHLH
Zm00001d017885	DBB
Zm00001d017898	NF-YB
Zm00001d017900	Dof
Zm00001d017908	bHLH
Zm00001d017911	bZIP
Zm00001d017932	M-type_MADS
Zm00001d017939	CO-like
Zm00001d017986	E2F/DP
Zm00001d018035	Nin-like
Zm00001d018038	NAC
Zm00001d018045	TCP
Zm00001d018050	AP2
Zm00001d018056	bHLH
Zm00001d018081	ERF
Zm00001d018097	MYB
Zm00001d018119	bHLH
Zm00001d018142	MIKC_MADS
Zm00001d018158	ERF
Zm00001d018178	bZIP
Zm00001d018191	ERF
Zm00001d018198	GeBP
Zm00001d018208	GeBP
Zm00001d018225	HD-ZIP
Zm00001d018255	NF-YA
Zm00001d018258	MYB_related
Zm00001d018305	ERF
Zm00001d018319	MYB_related
Zm00001d018320	MYB_related
Zm00001d018360	C3H
Zm00001d018380	ARR-B
Zm00001d018416	bHLH
Zm00001d018421	GATA
Zm00001d018435	NAC
Zm00001d018465	G2-like
Zm00001d018510	C2H2
Zm00001d018530	TCP
Zm00001d018571	bZIP
Zm00001d018587	MIKC_MADS
Zm00001d018605	C2H2
Zm00001d018656	WRKY
Zm00001d018667	MIKC_MADS
Zm00001d018702	NAC
Zm00001d018729	bZIP
Zm00001d018731	ERF
Zm00001d018742	TALE
Zm00001d018773	NAC
Zm00001d018776	MYB
Zm00001d018829	YABBY
Zm00001d018832	LBD
Zm00001d018930	CPP
Zm00001d018941	HSF
Zm00001d018967	bHLH
Zm00001d018971	bZIP
Zm00001d019096	ERF
Zm00001d019098	ERF
Zm00001d019101	NF-YB
Zm00001d019116	ERF
Zm00001d019166	bZIP
Zm00001d019189	MIKC_MADS
Zm00001d019207	NAC
Zm00001d019213	M-type_MADS
Zm00001d019214	M-type_MADS
Zm00001d019216	ERF
Zm00001d019230	AP2
Zm00001d019429	MYB_related
Zm00001d019475	ERF
Zm00001d019487	C2H2
Zm00001d019536	G2-like
Zm00001d019712	MYB
Zm00001d019734	ERF
Zm00001d019744	ERF
Zm00001d019756	BES1
Zm00001d019865	NF-YB
Zm00001d020019	G2-like
Zm00001d020020	G2-like
Zm00001d020025	bZIP
Zm00001d020037	C2H2
Zm00001d020043	ERF
Zm00001d020046	HB-other
Zm00001d020136	WRKY
Zm00001d020137	WRKY
Zm00001d020242	C3H
Zm00001d020267	ERF
Zm00001d020384	G2-like
Zm00001d020405	MYB
Zm00001d020408	MYB
Zm00001d020427	C2H2
Zm00001d020430	C2H2
Zm00001d020433	TCP
Zm00001d020446	NAC
Zm00001d020457	MYB
Zm00001d020459	ZF-HD
Zm00001d020460	ZF-HD
Zm00001d020490	bHLH
Zm00001d020492	WRKY
Zm00001d020495	WRKY
Zm00001d020540	AP2
Zm00001d020569	MYB
Zm00001d020573	C2H2
Zm00001d020575	C2H2
Zm00001d020577	C2H2
Zm00001d020595	ERF
Zm00001d020670	HD-ZIP
Zm00001d020683	C2H2
Zm00001d020688	GeBP
Zm00001d020705	bHLH
Zm00001d020714	HSF
Zm00001d020763	bHLH
Zm00001d020790	bHLH
Zm00001d020804	HD-ZIP
Zm00001d020823	bZIP
Zm00001d020826	bHLH
Zm00001d020834	bHLH
Zm00001d020837	Dof
Zm00001d020874	NF-YC
Zm00001d020881	WRKY
Zm00001d020923	C2H2
Zm00001d020932	bHLH
Zm00001d020938	bZIP
Zm00001d020939	EIL
Zm00001d020941	SBP
Zm00001d020947	MYB_related
Zm00001d020972	NAC
Zm00001d020982	NAC
Zm00001d021019	bHLH
Zm00001d021057	MIKC_MADS
Zm00001d021069	NAC
Zm00001d021089	ERF
Zm00001d021164	bHLH
Zm00001d021172	bHLH
Zm00001d021189	bZIP
Zm00001d021191	bZIP
Zm00001d021205	ERF
Zm00001d021207	ERF
Zm00001d021208	ERF
Zm00001d021214	ERF
Zm00001d021236	HD-ZIP
Zm00001d021263	HSF
Zm00001d021268	HD-ZIP
Zm00001d021278	DBB
Zm00001d021285	SRS
Zm00001d021290	SRS
Zm00001d021296	MYB
Zm00001d021362	GRF
Zm00001d021386	C2H2
Zm00001d021389	Trihelix
Zm00001d021403	C2H2
Zm00001d021423	NAC
Zm00001d021424	NAC
Zm00001d021442	Nin-like
Zm00001d021516	CAMTA
Zm00001d021537	MYB
Zm00001d021545	FAR1
Zm00001d021573	SBP
Zm00001d021591	Dof
Zm00001d021617	FAR1
Zm00001d021701	bHLH
Zm00001d021748	bHLH
Zm00001d021761	MYB
Zm00001d021790	B3
Zm00001d021799	FAR1
Zm00001d021818	NAC
Zm00001d021826	GRAS
Zm00001d021831	C3H
Zm00001d021842	C2H2
Zm00001d021863	YABBY
Zm00001d021892	ERF
Zm00001d021927	BES1
Zm00001d021932	C2H2
Zm00001d021934	HD-ZIP
Zm00001d021945	C3H
Zm00001d021946	GRAS
Zm00001d021947	WRKY
Zm00001d021968	HRT-like
Zm00001d021973	GRAS
Zm00001d021988	bHLH
Zm00001d021990	C2H2
Zm00001d021998	GRAS
Zm00001d022002	C2H2
Zm00001d022034	GRAS
Zm00001d022088	MIKC_MADS
Zm00001d022099	NF-YB
Zm00001d022109	NF-YA
Zm00001d022116	GRAS
Zm00001d022142	FAR1
Zm00001d022146	VOZ
Zm00001d022225	bHLH
Zm00001d022227	MYB
Zm00001d022256	TCP
Zm00001d022259	MYB
Zm00001d022266	GeBP
Zm00001d022295	HSF
Zm00001d022424	NAC
Zm00001d022437	WRKY
Zm00001d022440	B3
Zm00001d022442	bZIP
Zm00001d022461	ERF
Zm00001d022488	ERF
Zm00001d022517	NAC
Zm00001d022525	Dof
Zm00001d022526	G2-like
Zm00001d022530	EIL
Zm00001d022542	bZIP
Zm00001d022550	bZIP
Zm00001d022613	bZIP
Zm00001d022628	MYB
Zm00001d023247	GRAS
Zm00001d023248	GRAS
Zm00001d023282	MYB
Zm00001d023284	MYB
Zm00001d023286	ZF-HD
Zm00001d023287	MYB
Zm00001d023289	ZF-HD
Zm00001d023294	NAC
Zm00001d023295	MYB_related
Zm00001d023296	MYB_related
Zm00001d023316	LBD
Zm00001d023332	WRKY
Zm00001d023336	WRKY
Zm00001d023402	G2-like
Zm00001d023411	G2-like
Zm00001d023424	bZIP
Zm00001d023446	B3
Zm00001d023465	E2F/DP
Zm00001d023466	NF-YC
Zm00001d023507	bZIP
Zm00001d023523	Trihelix
Zm00001d023535	ERF
Zm00001d023539	GATA
Zm00001d023540	GATA
Zm00001d023541	GATA
Zm00001d023558	C2H2
Zm00001d023565	TCP
Zm00001d023615	WRKY
Zm00001d023636	C3H
Zm00001d023659	ARF
Zm00001d023669	NAC
Zm00001d023736	MIKC_MADS
Zm00001d023788	C2H2
Zm00001d023882	bHLH
Zm00001d023927	C3H
Zm00001d023931	MYB
Zm00001d023955	MIKC_MADS
Zm00001d024041	bZIP
Zm00001d024103	B3
Zm00001d024160	bZIP
Zm00001d024200	CO-like
Zm00001d024220	bHLH
Zm00001d024230	NF-YC
Zm00001d024268	NAC
Zm00001d024285	bZIP
Zm00001d024321	B3
Zm00001d024323	WRKY
Zm00001d024324	ERF
Zm00001d024354	B3
Zm00001d024376	WRKY
Zm00001d024389	M-type_MADS
Zm00001d024410	WOX
Zm00001d024436	ERF
Zm00001d024468	AP2
Zm00001d024488	MYB
Zm00001d024522	bHLH
Zm00001d024532	G2-like
Zm00001d024534	C3H
Zm00001d024543	NAC
Zm00001d024545	B3
Zm00001d024547	MYB_related
Zm00001d024627	MYB_related
Zm00001d024630	MYB
Zm00001d024644	MYB_related
Zm00001d024679	bHLH
Zm00001d024701	HD-ZIP
Zm00001d024703	C3H
Zm00001d024725	MYB
Zm00001d024726	MYB
Zm00001d024781	bHLH
Zm00001d024783	bHLH
Zm00001d024784	MYB
Zm00001d024790	Dof
Zm00001d024809	MYB_related
Zm00001d024810	MYB_related
Zm00001d024814	MYB_related
Zm00001d024883	C2H2
Zm00001d024894	MYB_related
Zm00001d024905	GeBP
Zm00001d025033	TCP
Zm00001d025051	C2H2
Zm00001d025060	C3H
Zm00001d025133	GRAS
Zm00001d025141	bHLH
Zm00001d025205	bHLH
Zm00001d025233	B3
Zm00001d025235	CAMTA
Zm00001d025250	TCP
Zm00001d025275	Trihelix
Zm00001d025281	ERF
Zm00001d025295	TCP
Zm00001d025298	ERF
Zm00001d025339	S1Fa-like
Zm00001d025409	ERF
Zm00001d025450	C3H
Zm00001d025462	bHLH
Zm00001d025479	MIKC_MADS
Zm00001d025483	NAC
Zm00001d025485	C2H2
Zm00001d025514	Trihelix
Zm00001d025589	bZIP
Zm00001d025638	bZIP
Zm00001d025664	MYB
Zm00001d025666	C2H2
Zm00001d025669	WRKY
Zm00001d025684	NAC
Zm00001d025720	Trihelix
Zm00001d025727	bHLH
Zm00001d025757	Nin-like
Zm00001d025770	CO-like
Zm00001d025823	MYB_related
Zm00001d025861	NAC
Zm00001d025864	MYB
Zm00001d025871	ARF
Zm00001d025896	TCP
Zm00001d025910	ERF
Zm00001d025930	MYB_related
Zm00001d025944	YABBY
Zm00001d025953	GATA
Zm00001d025957	DBB
Zm00001d025964	HD-ZIP
Zm00001d025981	Trihelix
Zm00001d025982	Trihelix
Zm00001d025988	GATA
Zm00001d026005	B3
Zm00001d026017	MYB_related
Zm00001d026034	C2H2
Zm00001d026046	bHLH
Zm00001d026050	GRAS
Zm00001d026088	HD-ZIP
Zm00001d026094	HSF
Zm00001d026096	Dof
Zm00001d026106	G2-like
Zm00001d026113	C2H2
Zm00001d026120	bHLH
Zm00001d026147	bHLH
Zm00001d026158	GRAS
Zm00001d026166	C2H2
Zm00001d026175	SBP
Zm00001d026186	MYB
Zm00001d026191	ERF
Zm00001d026197	MYB
Zm00001d026203	MYB
Zm00001d026204	MYB
Zm00001d026218	WRKY
Zm00001d026231	LFY
Zm00001d026240	GRF
Zm00001d026245	Trihelix
Zm00001d026252	WRKY
Zm00001d026271	ERF
Zm00001d026305	NF-YA
Zm00001d026317	bHLH
Zm00001d026351	HD-ZIP
Zm00001d026355	E2F/DP
Zm00001d026362	MYB_related
Zm00001d026398	bZIP
Zm00001d026447	ERF
Zm00001d026448	AP2
Zm00001d026456	MYB_related
Zm00001d026485	FAR1
Zm00001d026486	ERF
Zm00001d026491	SBP
Zm00001d026536	C3H
Zm00001d026537	WOX
Zm00001d026540	ARF
Zm00001d026542	G2-like
Zm00001d026543	C3H
Zm00001d026587	C3H
Zm00001d026628	Dof
Zm00001d026648	NF-YC
Zm00001d026684	C2H2
Zm00001d026687	ARF
Zm00001d026694	B3
Zm00001d027292	GRAS
Zm00001d027317	HD-ZIP
Zm00001d027335	Trihelix
Zm00001d027395	NAC
Zm00001d027409	B3
Zm00001d027419	bHLH
Zm00001d027425	MIKC_MADS
Zm00001d027431	TALE
Zm00001d027435	TALE
Zm00001d027459	NAC
Zm00001d027461	bZIP
Zm00001d027492	G2-like
Zm00001d027496	bHLH
Zm00001d027497	bHLH
Zm00001d027510	Nin-like
Zm00001d027530	NAC
Zm00001d027546	bHLH
Zm00001d027587	BES1
Zm00001d027623	MYB
Zm00001d027677	C2H2
Zm00001d027678	LBD
Zm00001d027679	LBD
Zm00001d027686	ERF
Zm00001d027687	ERF
Zm00001d027709	E2F/DP
Zm00001d027752	STAT
Zm00001d027753	bHLH
Zm00001d027757	HSF
Zm00001d027802	TALE
Zm00001d027846	Dof
Zm00001d027852	HD-ZIP
Zm00001d027855	bHLH
Zm00001d027859	bHLH
Zm00001d027870	ERF
Zm00001d027874	NF-YA
Zm00001d027878	AP2
Zm00001d027924	ERF
Zm00001d027925	ERF
Zm00001d027928	ERF
Zm00001d027929	ERF
Zm00001d027939	B3
Zm00001d027957	MIKC_MADS
Zm00001d027987	bHLH
Zm00001d027991	HD-ZIP
Zm00001d028007	CAMTA
Zm00001d028017	ERF
Zm00001d028066	ERF
Zm00001d028068	ERF
Zm00001d028069	AP2
Zm00001d028070	AP2
Zm00001d028129	HD-ZIP
Zm00001d028139	C2H2
Zm00001d028178	NAC
Zm00001d028216	YABBY
Zm00001d028217	MIKC_MADS
Zm00001d028265	ARR-B
Zm00001d028269	HSF
Zm00001d028297	bHLH
Zm00001d028304	HD-ZIP
Zm00001d028312	bHLH
Zm00001d028314	bHLH
Zm00001d028361	C2H2
Zm00001d028371	C2H2
Zm00001d028372	bZIP
Zm00001d028380	MYB_related
Zm00001d028413	LBD
Zm00001d028432	NF-YC
Zm00001d028445	MYB_related
Zm00001d028472	FAR1
Zm00001d028504	bHLH
Zm00001d028524	ERF
Zm00001d028526	GRAS
Zm00001d028537	C2H2
Zm00001d028603	GRAS
Zm00001d028625	Dof
Zm00001d028664	bHLH
Zm00001d028667	C2H2
Zm00001d028721	LBD
Zm00001d028777	MYB
Zm00001d028828	C3H
Zm00001d028842	MYB
Zm00001d028879	bZIP
Zm00001d028919	AP2
Zm00001d028930	MYB
Zm00001d028936	bZIP
Zm00001d028962	WRKY
Zm00001d028974	EIL
Zm00001d028984	G2-like
Zm00001d028986	WOX
Zm00001d028995	NAC
Zm00001d028999	NAC
Zm00001d029020	G2-like
Zm00001d029064	bZIP
Zm00001d029270	HSF
Zm00001d029287	GeBP
Zm00001d029293	MYB
Zm00001d029339	bHLH
Zm00001d029402	bHLH
Zm00001d029474	GRAS
Zm00001d029489	NF-YA
Zm00001d029506	LBD
Zm00001d029512	Dof
Zm00001d029553	C2H2
Zm00001d029564	WRKY
Zm00001d029584	C2H2
Zm00001d029586	C2H2
Zm00001d029587	C2H2
Zm00001d029601	LBD
Zm00001d029602	LBD
Zm00001d029607	GRAS
Zm00001d029679	ERF
Zm00001d029711	bZIP
Zm00001d029736	HB-other
Zm00001d029749	B3
Zm00001d029855	GRAS
Zm00001d029875	MYB_related
Zm00001d029884	ERF
Zm00001d029896	GATA
Zm00001d029934	HD-ZIP
Zm00001d029963	MYB_related
Zm00001d029974	Trihelix
Zm00001d030023	NAC
Zm00001d030028	bHLH
Zm00001d030069	HD-ZIP
Zm00001d030139	WRKY
Zm00001d030151	NF-YB
Zm00001d030191	HD-ZIP
Zm00001d030232	bHLH
Zm00001d030350	Trihelix
Zm00001d030364	LBD
Zm00001d030500	GRAS
Zm00001d030513	ERF
Zm00001d030518	CAMTA
Zm00001d030532	HD-ZIP
Zm00001d030577	bZIP
Zm00001d030617	bZIP
Zm00001d030644	MYB
Zm00001d030678	MYB
Zm00001d030727	Dof
Zm00001d030737	MYB
Zm00001d030738	MYB_related
Zm00001d030744	GRAS
Zm00001d030801	ARF
Zm00001d030803	ARF
Zm00001d030838	GRAS
Zm00001d030858	C2H2
Zm00001d030862	ERF
Zm00001d030891	G2-like
Zm00001d030897	Dof
Zm00001d030907	B3
Zm00001d030908	B3
Zm00001d030911	G2-like
Zm00001d030969	WRKY
Zm00001d030971	bHLH
Zm00001d030972	bHLH
Zm00001d030995	bZIP
Zm00001d031008	CPP
Zm00001d031009	CPP
Zm00001d031044	bHLH
Zm00001d031061	HD-ZIP
Zm00001d031064	ARF
Zm00001d031092	NF-YA
Zm00001d031109	YABBY
Zm00001d031135	GATA
Zm00001d031164	NAC
Zm00001d031167	bHLH
Zm00001d031182	TALE
Zm00001d031194	bZIP
Zm00001d031225	B3
Zm00001d031266	Trihelix
Zm00001d031270	MYB
Zm00001d031272	bZIP
Zm00001d031277	C2H2
Zm00001d031310	NF-YC
Zm00001d031391	Trihelix
Zm00001d031416	C2H2
Zm00001d031441	bHLH
Zm00001d031445	EIL
Zm00001d031451	SBP
Zm00001d031454	MYB_related
Zm00001d031463	NAC
Zm00001d031487	SBP
Zm00001d031498	ERF
Zm00001d031499	ERF
Zm00001d031501	ERF
Zm00001d031515	MYB
Zm00001d031522	ARF
Zm00001d031544	LBD
Zm00001d031561	bHLH
Zm00001d031572	BBR-BPC
Zm00001d031591	MIKC_MADS
Zm00001d031597	TCP
Zm00001d031620	MIKC_MADS
Zm00001d031625	M-type_MADS
Zm00001d031655	NAC
Zm00001d031665	bHLH
Zm00001d031673	ERF
Zm00001d031697	bZIP
Zm00001d031717	bHLH
Zm00001d031723	bZIP
Zm00001d031725	TCP
Zm00001d031728	ERF
Zm00001d031736	HSF
Zm00001d031745	HD-ZIP
Zm00001d031759	C2H2
Zm00001d031781	bHLH
Zm00001d031790	bZIP
Zm00001d031796	ERF
Zm00001d031818	bHLH
Zm00001d031840	ZF-HD
Zm00001d031861	ERF
Zm00001d031985	C2H2
Zm00001d031992	C2H2
Zm00001d032024	MYB
Zm00001d032032	MYB
Zm00001d032040	SRS
Zm00001d032077	ERF
Zm00001d032095	ERF
Zm00001d032105	MYB_related
Zm00001d032106	MYB_related
Zm00001d032107	MYB_related
Zm00001d032132	bHLH
Zm00001d032144	AP2
Zm00001d032175	ZF-HD
Zm00001d032178	MYB
Zm00001d032179	MYB
Zm00001d032182	NAC
Zm00001d032190	G2-like
Zm00001d032194	MYB
Zm00001d032206	MYB
Zm00001d032213	bHLH
Zm00001d032217	TCP
Zm00001d032218	M-type_MADS
Zm00001d032240	MYB
Zm00001d032249	G2-like
Zm00001d032265	WRKY
Zm00001d032286	LBD
Zm00001d032295	ERF
Zm00001d032316	HD-ZIP
Zm00001d032328	NF-YB
Zm00001d032384	G2-like
Zm00001d032502	YABBY
Zm00001d032578	Dof
Zm00001d032681	HD-ZIP
Zm00001d032683	ARF
Zm00001d032694	MYB
Zm00001d032741	E2F/DP
Zm00001d032784	G2-like
Zm00001d032922	C2H2
Zm00001d032923	HSF
Zm00001d032999	Dof
Zm00001d033005	HD-ZIP
Zm00001d033075	MYB
Zm00001d033093	Dof
Zm00001d033166	GRAS
Zm00001d033215	NF-YA
Zm00001d033246	HB-other
Zm00001d033262	LSD
Zm00001d033265	MYB
Zm00001d033267	bHLH
Zm00001d033274	CPP
Zm00001d033291	WRKY
Zm00001d033310	G2-like
Zm00001d033313	B3
Zm00001d033314	B3
Zm00001d033324	B3
Zm00001d033325	Dof
Zm00001d033335	LBD
Zm00001d033347	LBD
Zm00001d033353	ERF
Zm00001d033378	TALE
Zm00001d033379	TALE
Zm00001d033396	GRF
Zm00001d033404	TALE
Zm00001d033407	bHLH
Zm00001d033412	bHLH
Zm00001d033413	bHLH
Zm00001d033466	LBD
Zm00001d033471	WRKY
Zm00001d033508	YABBY
Zm00001d033553	C3H
Zm00001d033566	E2F/DP
Zm00001d033602	NF-YA
Zm00001d033610	C3H
Zm00001d033673	TCP
Zm00001d033680	GRAS
Zm00001d033706	GeBP
Zm00001d033719	CO-like
Zm00001d033729	bHLH
Zm00001d033791	ZF-HD
Zm00001d033815	MYB
Zm00001d033834	GRAS
Zm00001d033848	bHLH
Zm00001d033859	TALE
Zm00001d033870	bHLH
Zm00001d033876	GRF
Zm00001d033898	TALE
Zm00001d033945	GATA
Zm00001d033957	bHLH
Zm00001d033965	WRKY
Zm00001d033987	HSF
Zm00001d034033	MYB_related
Zm00001d034045	MIKC_MADS
Zm00001d034047	MIKC_MADS
Zm00001d034073	WRKY
Zm00001d034084	WRKY
Zm00001d034091	bHLH
Zm00001d034145	C2H2
Zm00001d034160	G2-like
Zm00001d034163	Dof
Zm00001d034181	G2-like
Zm00001d034199	bZIP
Zm00001d034204	AP2
Zm00001d034212	TALE
Zm00001d034277	NAC
Zm00001d034282	FAR1
Zm00001d034298	bHLH
Zm00001d034353	TCP
Zm00001d034384	LBD
Zm00001d034433	HSF
Zm00001d034447	bZIP
Zm00001d034457	bZIP
Zm00001d034467	MYB
Zm00001d034475	WRKY
Zm00001d034503	bHLH
Zm00001d034515	HB-other
Zm00001d034571	bZIP
Zm00001d034596	bHLH
Zm00001d034601	NAC
Zm00001d034605	ERF
Zm00001d034629	AP2
Zm00001d034639	C2H2
Zm00001d034651	Dof
Zm00001d034653	Dof
Zm00001d034664	GRAS
Zm00001d034730	SBP
Zm00001d034751	GATA
Zm00001d034783	C2H2
Zm00001d034813	FAR1
Zm00001d034872	NF-YC
Zm00001d034886	HSF
Zm00001d034888	WRKY
Zm00001d034891	MYB_related
Zm00001d034920	ERF
Zm00001d034945	MYB_related
Zm00001d034947	MYB_related
Zm00001d034965	B3
Zm00001d034984	NAC
Zm00001d035053	MIKC_MADS
Zm00001d035076	NAC
Zm00001d035084	NAC
Zm00001d035155	bHLH
Zm00001d035195	LSD
Zm00001d035224	GeBP
Zm00001d035234	GeBP
Zm00001d035266	NAC
Zm00001d035295	GeBP
Zm00001d035323	WRKY
Zm00001d035439	TALE
Zm00001d035440	bZIP
Zm00001d035457	Trihelix
Zm00001d035470	MYB_related
Zm00001d035498	LBD
Zm00001d035512	AP2
Zm00001d035514	C2H2
Zm00001d035535	WOX
Zm00001d035604	MYB
Zm00001d035605	MYB
Zm00001d035609	C2H2
Zm00001d035651	Dof
Zm00001d035670	GRAS
Zm00001d035671	GRAS
Zm00001d035701	C2H2
Zm00001d035835	ERF
Zm00001d035873	GRAS
Zm00001d035903	B3
Zm00001d035907	TALE
Zm00001d035918	MYB
Zm00001d035921	B3
Zm00001d035922	B3
Zm00001d035965	GRF
Zm00001d036003	ERF
Zm00001d036032	LBD
Zm00001d036050	NAC
Zm00001d036118	HD-ZIP
Zm00001d036148	Whirly
Zm00001d036214	DBB
Zm00001d036251	ERF
Zm00001d036297	C2H2
Zm00001d036298	ERF
Zm00001d036330	C2H2
Zm00001d036356	MYB_related
Zm00001d036364	NAC
Zm00001d036392	bZIP
Zm00001d036400	bZIP
Zm00001d036425	MIKC_MADS
Zm00001d036426	SRS
Zm00001d036435	LBD
Zm00001d036494	GATA
Zm00001d036510	HD-ZIP
Zm00001d036536	ERF
Zm00001d036551	MYB
Zm00001d036577	MYB
Zm00001d036594	C3H
Zm00001d036632	MYB_related
Zm00001d036638	G2-like
Zm00001d036648	NF-YC
Zm00001d036692	SBP
Zm00001d036726	WRKY
Zm00001d036736	bZIP
Zm00001d036768	MYB
Zm00001d036796	C3H
Zm00001d036802	G2-like
Zm00001d036807	bHLH
Zm00001d036812	C2H2
Zm00001d036883	MYB_related
Zm00001d036889	ERF
Zm00001d037015	G2-like
Zm00001d037029	NAC
Zm00001d037054	WRKY
Zm00001d037098	bHLH
Zm00001d037117	GRF
Zm00001d037118	MYB
Zm00001d037126	M-type_MADS
Zm00001d037140	HD-ZIP
Zm00001d037158	GeBP
Zm00001d037165	ERF
Zm00001d037170	bZIP
Zm00001d037212	MIKC_MADS
Zm00001d037221	TCP
Zm00001d037274	E2F/DP
Zm00001d037315	NAC
Zm00001d037317	bZIP
Zm00001d037327	CO-like
Zm00001d037334	MYB
Zm00001d037356	NF-X1
Zm00001d037360	bZIP
Zm00001d037461	CPP
Zm00001d037528	bHLH
Zm00001d037531	ERF
Zm00001d037605	GATA
Zm00001d037607	WRKY
Zm00001d037737	MIKC_MADS
Zm00001d037749	bHLH
Zm00001d037769	C3H
Zm00001d037786	Nin-like
Zm00001d037836	MYB_related
Zm00001d037854	WRKY
Zm00001d037901	GRAS
Zm00001d037941	ERF
Zm00001d037994	MYB
Zm00001d037998	MYB
Zm00001d037999	MYB
Zm00001d038001	ERF
Zm00001d038013	LBD
Zm00001d038015	M-type_MADS
Zm00001d038023	WRKY
Zm00001d038081	SRS
Zm00001d038087	AP2
Zm00001d038189	bZIP
Zm00001d038191	G2-like
Zm00001d038197	LBD
Zm00001d038207	NAC
Zm00001d038216	ERF
Zm00001d038221	NAC
Zm00001d038225	GRAS
Zm00001d038227	NAC
Zm00001d038270	MYB
Zm00001d038281	Dof
Zm00001d038288	MYB_related
Zm00001d038289	NAC
Zm00001d038296	bZIP
Zm00001d038297	C2H2
Zm00001d038311	bZIP
Zm00001d038320	ERF
Zm00001d038338	MYB
Zm00001d038355	TALE
Zm00001d038357	bHLH
Zm00001d038379	C2H2
Zm00001d038397	NF-YB
Zm00001d038446	ERF
Zm00001d038451	WRKY
Zm00001d038504	B3
Zm00001d038518	GRAS
Zm00001d038527	G2-like
Zm00001d038546	G2-like
Zm00001d038557	NF-YC
Zm00001d038574	bZIP
Zm00001d038584	ERF
Zm00001d038585	ERF
Zm00001d038609	GRAS
Zm00001d038612	bHLH
Zm00001d038660	CPP
Zm00001d038664	E2F/DP
Zm00001d038683	TCP
Zm00001d038693	Dof
Zm00001d038698	ARF
Zm00001d038704	VOZ
Zm00001d038717	LBD
Zm00001d038746	HSF
Zm00001d038761	WRKY
Zm00001d038801	GATA
Zm00001d038811	HB-PHD
Zm00001d038812	HB-PHD
Zm00001d038832	C2H2
Zm00001d038843	WRKY
Zm00001d038863	bHLH
Zm00001d038878	MYB
Zm00001d038907	RAV
Zm00001d038930	MYB
Zm00001d038994	Trihelix
Zm00001d039002	HB-other
Zm00001d039004	NAC
Zm00001d039006	ARF
Zm00001d039017	WOX
Zm00001d039019	ERF
Zm00001d039032	WRKY
Zm00001d039044	WRKY
Zm00001d039049	MYB_related
Zm00001d039065	bZIP
Zm00001d039077	ERF
Zm00001d039080	M-type_MADS
Zm00001d039101	C3H
Zm00001d039113	GATA
Zm00001d039116	ZF-HD
Zm00001d039119	MYB_related
Zm00001d039185	MYB_related
Zm00001d039206	bZIP
Zm00001d039245	WRKY
Zm00001d039250	Nin-like
Zm00001d039254	C2H2
Zm00001d039260	G2-like
Zm00001d039266	Nin-like
Zm00001d039267	ARF
Zm00001d039272	bHLH
Zm00001d039306	MYB
Zm00001d039324	ERF
Zm00001d039371	TCP
Zm00001d039383	bZIP
Zm00001d039424	ERF
Zm00001d039437	DBB
Zm00001d039439	BES1
Zm00001d039459	bHLH
Zm00001d039467	C2H2
Zm00001d039475	MYB_related
Zm00001d039482	Dof
Zm00001d039496	MYB
Zm00001d039506	NAC
Zm00001d039531	WRKY
Zm00001d039532	WRKY
Zm00001d039581	NF-YC
Zm00001d039584	WRKY
Zm00001d039635	BES1
Zm00001d039637	G2-like
Zm00001d039658	bZIP
Zm00001d039694	LBD
Zm00001d039700	MYB
Zm00001d039750	MYB_related
Zm00001d039764	bHLH
Zm00001d039892	C2H2
Zm00001d039893	MYB
Zm00001d039913	M-type_MADS
Zm00001d039957	NF-YB
Zm00001d039989	ERF
Zm00001d040004	LBD
Zm00001d040019	MYB
Zm00001d040090	HD-ZIP
Zm00001d040148	bHLH
Zm00001d040152	bHLH
Zm00001d040186	bHLH
Zm00001d040189	NAC
Zm00001d040254	GeBP
Zm00001d040301	C3H
Zm00001d040302	C3H
Zm00001d040318	NAC
Zm00001d040362	Dof
Zm00001d040385	MYB_related
Zm00001d040423	MYB
Zm00001d040426	MYB
Zm00001d040428	MYB
Zm00001d040455	Dof
Zm00001d040464	MYB_related
Zm00001d040500	bZIP
Zm00001d040527	MYB
Zm00001d040536	bHLH
Zm00001d040554	WRKY
Zm00001d040571	SBP
Zm00001d040594	MYB
Zm00001d040611	TALE
Zm00001d040621	MYB
Zm00001d040630	G2-like
Zm00001d040651	ERF
Zm00001d040682	Trihelix
Zm00001d040775	GATA
Zm00001d041056	ARF
Zm00001d041142	bZIP
Zm00001d041158	VOZ
Zm00001d041160	Nin-like
Zm00001d041205	LBD
Zm00001d041277	YABBY
Zm00001d041351	bHLH
Zm00001d041376	G2-like
Zm00001d041377	G2-like
Zm00001d041397	WRKY
Zm00001d041444	CPP
Zm00001d041445	CPP
Zm00001d041472	NAC
Zm00001d041474	LSD
Zm00001d041489	HD-ZIP
Zm00001d041491	NF-YA
Zm00001d041497	ARF
Zm00001d041498	GRAS
Zm00001d041506	C2H2
Zm00001d041536	GRAS
Zm00001d041549	Dof
Zm00001d041576	MYB
Zm00001d041580	MYB
Zm00001d041587	M-type_MADS
Zm00001d041604	bZIP
Zm00001d041740	WRKY
Zm00001d041780	ZF-HD
Zm00001d041781	MIKC_MADS
Zm00001d041791	NAC
Zm00001d041818	MYB
Zm00001d041831	bZIP
Zm00001d041853	MYB
Zm00001d041866	TCP
Zm00001d041883	GATA
Zm00001d041886	NAC
Zm00001d041919	GRAS
Zm00001d041920	bZIP
Zm00001d041923	FAR1
Zm00001d041926	bHLH
Zm00001d041935	MYB
Zm00001d041958	WRKY
Zm00001d041981	ERF
Zm00001d042062	bHLH
Zm00001d042127	GRAS
Zm00001d042196	NF-YB
Zm00001d042197	NF-YB
Zm00001d042202	C2H2
Zm00001d042212	HB-other
Zm00001d042246	NAC
Zm00001d042263	bHLH
Zm00001d042267	ARF
Zm00001d042271	Trihelix
Zm00001d042287	MYB
Zm00001d042288	NAC
Zm00001d042305	TCP
Zm00001d042313	CAMTA
Zm00001d042315	M-type_MADS
Zm00001d042319	SBP
Zm00001d042363	C3H
Zm00001d042373	bHLH
Zm00001d042396	B3
Zm00001d042460	B3
Zm00001d042463	ARR-B
Zm00001d042472	GRAS
Zm00001d042482	bHLH
Zm00001d042492	AP2
Zm00001d042550	M-type_MADS
Zm00001d042560	LBD
Zm00001d042580	NAC
Zm00001d042588	ERF
Zm00001d042591	MIKC_MADS
Zm00001d042593	ERF
Zm00001d042609	NAC
Zm00001d042618	MIKC_MADS
Zm00001d042665	MYB
Zm00001d042686	C2H2
Zm00001d042717	ERF
Zm00001d042721	bZIP
Zm00001d042736	Dof
Zm00001d042756	MYB_related
Zm00001d042758	NAC
Zm00001d042777	bZIP
Zm00001d042821	WOX
Zm00001d042830	MYB
Zm00001d042849	MYB_related
Zm00001d042864	HB-other
Zm00001d042892	G2-like
Zm00001d042907	GRAS
Zm00001d042910	MYB
Zm00001d042917	Trihelix
Zm00001d042920	WOX
Zm00001d042933	C2H2
Zm00001d042965	C3H
Zm00001d042968	NF-YB
Zm00001d042989	bHLH
Zm00001d043025	WRKY
Zm00001d043036	LBD
Zm00001d043060	WRKY
Zm00001d043062	WRKY
Zm00001d043063	WRKY
Zm00001d043066	WRKY
Zm00001d043076	WOX
Zm00001d043094	NAC
Zm00001d043116	AP2
Zm00001d043117	bZIP
Zm00001d043131	MYB
Zm00001d043153	bZIP
Zm00001d043204	ERF
Zm00001d043205	ERF
Zm00001d043231	HD-ZIP
Zm00001d043243	C2H2
Zm00001d043248	bHLH
Zm00001d043311	LBD
Zm00001d043368	TCP
Zm00001d043378	CPP
Zm00001d043402	Dof
Zm00001d043420	bZIP
Zm00001d043431	ARF
Zm00001d043452	HB-PHD
Zm00001d043474	WRKY
Zm00001d043491	ERF
Zm00001d043500	VOZ
Zm00001d043569	WRKY
Zm00001d043589	MIKC_MADS
Zm00001d043611	MYB
Zm00001d043663	WRKY
Zm00001d043687	MYB
Zm00001d043696	MYB_related
Zm00001d043699	bHLH
Zm00001d043706	bHLH
Zm00001d043782	RAV
Zm00001d043877	NAC
Zm00001d043884	C2H2
Zm00001d043902	Trihelix
Zm00001d043904	Dof
Zm00001d043908	bZIP
Zm00001d043915	HB-other
Zm00001d043921	NAC
Zm00001d043922	ARF
Zm00001d043937	WOX
Zm00001d043950	WRKY
Zm00001d043968	MYB_related
Zm00001d043969	GATA
Zm00001d043992	bZIP
Zm00001d044004	ERF
Zm00001d044010	WRKY
Zm00001d044013	C2H2
Zm00001d044014	C2H2
Zm00001d044065	GRAS
Zm00001d044074	C3H
Zm00001d044081	HD-ZIP
Zm00001d044107	MYB
Zm00001d044117	MYB_related
Zm00001d044118	MYB_related
Zm00001d044162	WRKY
Zm00001d044168	HSF
Zm00001d044171	WRKY
Zm00001d044194	MYB_related
Zm00001d044216	bHLH
Zm00001d044242	bHLH
Zm00001d044259	HSF
Zm00001d044260	C3H
Zm00001d044261	C2H2
Zm00001d044272	bHLH
Zm00001d044311	MYB_related
Zm00001d044315	WRKY
Zm00001d044330	MYB_related
Zm00001d044355	B3
Zm00001d044409	MYB_related
Zm00001d044463	LSD
Zm00001d044481	C3H
Zm00001d044519	Nin-like
Zm00001d044538	MYB
Zm00001d044546	bZIP
Zm00001d044662	ZF-HD
Zm00001d044680	WRKY
Zm00001d044682	WRKY
Zm00001d044726	NF-X1
Zm00001d044785	G2-like
Zm00001d044825	Nin-like
Zm00001d044836	TCP
Zm00001d044850	M-type_MADS
Zm00001d044857	ERF
Zm00001d044899	MIKC_MADS
Zm00001d044940	bZIP
Zm00001d044953	GeBP
Zm00001d044975	MYB
Zm00001d045026	ARF
Zm00001d045044	ERF
Zm00001d045046	bHLH
Zm00001d045107	bHLH
Zm00001d045112	ARR-B
Zm00001d045120	ERF
Zm00001d045162	MYB_related
Zm00001d045204	ERF
Zm00001d045211	C2H2
Zm00001d045212	bHLH
Zm00001d045262	ERF
Zm00001d045283	WRKY
Zm00001d045323	DBB
Zm00001d045365	E2F/DP
Zm00001d045375	WRKY
Zm00001d045378	AP2
Zm00001d045398	HD-ZIP
Zm00001d045400	HD-ZIP
Zm00001d045463	NAC
Zm00001d045477	BBR-BPC
Zm00001d045507	GRAS
Zm00001d045560	MYB
Zm00001d045581	MYB_related
Zm00001d045589	GRAS
Zm00001d045600	NAC
Zm00001d045616	NAC
Zm00001d045617	NAC
Zm00001d045661	CO-like
Zm00001d045735	CO-like
Zm00001d045772	NF-YB
Zm00001d045804	CO-like
Zm00001d045887	C3H
Zm00001d046053	M-type_MADS
Zm00001d046096	bHLH
Zm00001d046126	NAC
Zm00001d046174	G2-like
Zm00001d046204	HSF
Zm00001d046223	TALE
Zm00001d046246	NAC
Zm00001d046292	ERF
Zm00001d046299	HSF
Zm00001d046305	BES1
Zm00001d046323	M-type_MADS
Zm00001d046346	bHLH
Zm00001d046354	GATA
Zm00001d046402	bZIP
Zm00001d046405	HB-other
Zm00001d046441	FAR1
Zm00001d046517	MYB
Zm00001d046518	MYB
Zm00001d046519	MYB
Zm00001d046564	bZIP
Zm00001d046568	TALE
Zm00001d046621	AP2
Zm00001d046632	MYB
Zm00001d046651	ERF
Zm00001d046664	bZIP
Zm00001d046718	bZIP
Zm00001d046740	C3H
Zm00001d046751	bZIP
Zm00001d046755	ARR-B
Zm00001d046759	bHLH
Zm00001d046774	C2H2
Zm00001d046783	GRAS
Zm00001d046805	WRKY
Zm00001d046913	AP2
Zm00001d046925	CO-like
Zm00001d046937	bZIP
Zm00001d046947	G2-like
Zm00001d046967	NF-YC
Zm00001d046974	MYB_related
Zm00001d046981	G2-like
Zm00001d047017	bHLH
Zm00001d047081	GATA
Zm00001d047123	GRAS
Zm00001d047170	C2H2
Zm00001d047182	MYB
Zm00001d047209	CAMTA
Zm00001d047216	bHLH
Zm00001d047266	GRAS
Zm00001d047309	WRKY
Zm00001d047330	C2H2
Zm00001d047334	C2H2
Zm00001d047339	ERF
Zm00001d047359	B3
Zm00001d047421	GeBP
Zm00001d047519	bZIP
Zm00001d047554	NAC
Zm00001d047559	WOX
Zm00001d047563	EIL
Zm00001d047574	WRKY
Zm00001d047579	MYB
Zm00001d047587	bZIP
Zm00001d047589	Trihelix
Zm00001d047644	bZIP
Zm00001d047671	MYB
Zm00001d047716	MYB_related
Zm00001d047742	MIKC_MADS
Zm00001d047752	LBD
Zm00001d047813	GRAS
Zm00001d047860	ERF
Zm00001d047878	bHLH
Zm00001d047921	LBD
Zm00001d047960	MYB_related
Zm00001d047968	C2H2
Zm00001d047976	C2H2
Zm00001d047995	HD-ZIP
Zm00001d047999	bHLH
Zm00001d048004	AP2
Zm00001d048041	HSF
Zm00001d048044	NAC
Zm00001d048046	ARR-B
Zm00001d048059	NAC
Zm00001d048082	MIKC_MADS
Zm00001d048083	YABBY
Zm00001d048199	GRAS
Zm00001d048208	ERF
Zm00001d048227	HD-ZIP
Zm00001d048229	bHLH
Zm00001d048244	B3
Zm00001d048296	ERF
Zm00001d048297	ERF
Zm00001d048309	bHLH
Zm00001d048312	HD-ZIP
Zm00001d048347	NAC
Zm00001d048383	MYB
Zm00001d048391	GATA
Zm00001d048400	C2H2
Zm00001d048401	LBD
Zm00001d048404	C2H2
Zm00001d048412	E2F/DP
Zm00001d048448	G2-like
Zm00001d048455	bZIP
Zm00001d048471	TALE
Zm00001d048474	MIKC_MADS
Zm00001d048478	bHLH
Zm00001d048493	NAC
Zm00001d048527	HD-ZIP
Zm00001d048588	GRAS
Zm00001d048590	C2H2
Zm00001d048591	TCP
Zm00001d048600	GRAS
Zm00001d048601	GRAS
Zm00001d048602	GRAS
Zm00001d048603	GRAS
Zm00001d048604	GRAS
Zm00001d048623	MYB
Zm00001d048624	GRAS
Zm00001d048647	MYB
Zm00001d048674	TCP
Zm00001d048681	GRAS
Zm00001d048682	GRAS
Zm00001d048697	M-type_MADS
Zm00001d048734	HB-other
Zm00001d048786	bHLH
Zm00001d048889	LBD
Zm00001d048894	M-type_MADS
Zm00001d048901	bHLH
Zm00001d048991	ERF
Zm00001d049000	ZF-HD
Zm00001d049058	ERF
Zm00001d049094	B3
Zm00001d049135	bZIP
Zm00001d049137	C2H2
Zm00001d049158	bHLH
Zm00001d049165	SBP
Zm00001d049173	WRKY
Zm00001d049223	C3H
Zm00001d049236	MYB_related
Zm00001d049249	GRAS
Zm00001d049294	bHLH
Zm00001d049295	ARF
Zm00001d049309	ERF
Zm00001d049319	MYB_related
Zm00001d049347	CO-like
Zm00001d049364	ERF
Zm00001d049369	B3
Zm00001d049443	HD-ZIP
Zm00001d049485	NF-YB
Zm00001d049493	FAR1
Zm00001d049495	MYB_related
Zm00001d049511	G2-like
Zm00001d049516	C3H
Zm00001d049525	LSD
Zm00001d049540	NAC
Zm00001d049543	MYB_related
Zm00001d049581	MYB_related
Zm00001d049625	LSD
Zm00001d049645	TCP
Zm00001d049646	TCP
Zm00001d049678	NAC
Zm00001d049687	NAC
Zm00001d049692	MIKC_MADS
Zm00001d049721	bHLH
Zm00001d049800	BBR-BPC
Zm00001d049822	SBP
Zm00001d049824	SBP
Zm00001d049860	NAC
Zm00001d049870	bHLH
Zm00001d049889	ERF
Zm00001d049903	ERF
Zm00001d049913	NAC
Zm00001d049991	GeBP
Zm00001d050016	bHLH
Zm00001d050018	bZIP
Zm00001d050023	WRKY
Zm00001d050039	NAC
Zm00001d050137	ERF
Zm00001d050143	C2H2
Zm00001d050185	MYB
Zm00001d050195	WRKY
Zm00001d050242	NF-YB
Zm00001d050247	WRKY
Zm00001d050269	LBD
Zm00001d050310	HD-ZIP
Zm00001d050350	G2-like
Zm00001d050389	TCP
Zm00001d050394	bHLH
Zm00001d050400	MYB
Zm00001d050404	G2-like
Zm00001d050410	NAC
Zm00001d050443	ZF-HD
Zm00001d050452	ZF-HD
Zm00001d050487	WOX
Zm00001d050551	C2H2
Zm00001d050583	Trihelix
Zm00001d050664	E2F/DP
Zm00001d050669	bZIP
Zm00001d050698	Trihelix
Zm00001d050730	C2H2
Zm00001d050781	ARF
Zm00001d050787	ERF
Zm00001d050834	HD-ZIP
Zm00001d050861	EIL
Zm00001d050870	NAC
Zm00001d050893	NAC
Zm00001d050897	M-type_MADS
Zm00001d050948	ERF
Zm00001d050960	NAC
Zm00001d051018	DBB
Zm00001d051117	MYB
Zm00001d051140	NAC
Zm00001d051149	MYB
Zm00001d051154	TCP
Zm00001d051172	ARF
Zm00001d051216	TCP
Zm00001d051239	ERF
Zm00001d051267	MYB
Zm00001d051269	MYB_related
Zm00001d051294	NAC
Zm00001d051316	Trihelix
Zm00001d051328	WRKY
Zm00001d051350	ERF
Zm00001d051355	ERF
Zm00001d051371	C2H2
Zm00001d051387	GRAS
Zm00001d051439	Dof
Zm00001d051451	ERF
Zm00001d051456	GRF
Zm00001d051458	MYB_related
Zm00001d051461	GRAS
Zm00001d051465	MIKC_MADS
Zm00001d051480	MYB_related
Zm00001d051509	bHLH
Zm00001d051520	MYB
Zm00001d051527	G2-like
Zm00001d051550	WRKY
Zm00001d051569	bHLH
Zm00001d051573	ZF-HD
Zm00001d051577	Dof
Zm00001d051684	CO-like
Zm00001d051697	NF-YB
Zm00001d051700	Dof
Zm00001d051739	bZIP
Zm00001d051749	HD-ZIP
Zm00001d051788	MYB
Zm00001d051838	C3H
Zm00001d051865	C2H2
Zm00001d051879	NAC
Zm00001d051891	LBD
Zm00001d051956	NAC
Zm00001d051981	GATA
Zm00001d052026	ERF
Zm00001d052038	bHLH
Zm00001d052069	MYB
Zm00001d052087	ERF
Zm00001d052102	ERF
Zm00001d052112	GRF
Zm00001d052133	HD-ZIP
Zm00001d052152	ERF
Zm00001d052167	ERF
Zm00001d052180	MIKC_MADS
Zm00001d052192	bHLH
Zm00001d052229	ERF
Zm00001d052254	bHLH
Zm00001d052288	E2F/DP
Zm00001d052317	LBD
Zm00001d052355	WRKY
Zm00001d052357	WRKY
Zm00001d052358	WRKY
Zm00001d052365	ERF
Zm00001d052380	GRAS
Zm00001d052390	NAC
Zm00001d052396	ZF-HD
Zm00001d052397	MYB
Zm00001d052405	AP2
Zm00001d052431	GATA
Zm00001d052463	GRAS
Zm00001d052464	GRAS
Zm00001d052543	bZIP
Zm00001d052564	NAC
Zm00001d052591	B3
Zm00001d052621	NF-YC
Zm00001d052648	M-type_MADS
Zm00001d052717	bZIP
Zm00001d052725	bZIP
Zm00001d052728	bHLH
Zm00001d052738	HSF
Zm00001d052750	B3
Zm00001d052798	Trihelix
Zm00001d052804	MYB
Zm00001d052807	bZIP
Zm00001d052815	C2H2
Zm00001d052838	NF-YC
Zm00001d052847	WRKY
Zm00001d052883	C2H2
Zm00001d052890	SBP
Zm00001d052905	SBP
Zm00001d053006	C2H2
Zm00001d053020	TCP
Zm00001d053060	MYB
Zm00001d053124	MYB
Zm00001d053151	TALE
Zm00001d053162	bZIP
Zm00001d053163	GRAS
Zm00001d053178	Trihelix
Zm00001d053195	ERF
Zm00001d053208	SRS
Zm00001d053210	MYB
Zm00001d053220	MYB
Zm00001d053298	GeBP
Zm00001d053369	WRKY
Zm00001d053391	bHLH
Zm00001d053397	C3H
Zm00001d053437	Nin-like
Zm00001d053442	bZIP
Zm00001d053543	BES1
Zm00001d053682	C3H
Zm00001d053703	bZIP
Zm00001d053707	ERF
Zm00001d053749	TALE
Zm00001d053756	SBP
Zm00001d053775	SBP
Zm00001d053819	ARF
Zm00001d053841	C3H
Zm00001d053855	Whirly
Zm00001d053859	ERF
Zm00001d053890	SBP
Zm00001d053895	bHLH
Zm00001d053940	GATA
Zm00001d053967	bZIP
Zm00001d053975	BES1
Zm00001d053988	bZIP
Zm00001d054038	bHLH
Zm00001d054080	Trihelix
