sorghum3	maize1	maize2
Sobic.001G002500	Zm00001d034920	
Sobic.001G006300	Zm00001d034891	
Sobic.001G006600	Zm00001d034888	
Sobic.001G007200	Zm00001d034886	Zm00001d012823
Sobic.001G009200	Zm00001d034872	
Sobic.001G016600	Zm00001d034813	
Sobic.001G020200	Zm00001d034783	
Sobic.001G023900	Zm00001d034751	
Sobic.001G026500	Zm00001d034730	Zm00001d012916
Sobic.001G033200	Zm00001d034664	
Sobic.001G034300	Zm00001d034651	Zm00001d012963
Sobic.001G035100	Zm00001d034641	Zm00001d012968
Sobic.001G035300	Zm00001d034639	Zm00001d012967
Sobic.001G036800	Zm00001d034629	
Sobic.001G039800	Zm00001d034605	
Sobic.001G040200	Zm00001d034601	Zm00001d013003
Sobic.001G041500	Zm00001d034596	
Sobic.001G044300	Zm00001d034571	
Sobic.001G049800	Zm00001d034515	
Sobic.001G051300	Zm00001d034503	
Sobic.001G055400	Zm00001d034475	
Sobic.001G056000	Zm00001d034467	Zm00001d013070
Sobic.001G056300		Zm00001d013073
Sobic.001G056700	Zm00001d034457	Zm00001d013074
Sobic.001G057600	Zm00001d034433	
Sobic.001G057700	Zm00001d034433	
Sobic.001G062800	Zm00001d034384	
Sobic.001G066100	Zm00001d034353	Zm00001d013119
Sobic.001G068301	Zm00001d034298	Zm00001d013130
Sobic.001G069400		Zm00001d013138
Sobic.001G070600	Zm00001d034282	
Sobic.001G071000	Zm00001d034277	Zm00001d013151
Sobic.001G075101	Zm00001d034212	
Sobic.001G075300	Zm00001d034207	Zm00001d013164
Sobic.001G075700	Zm00001d034204	Zm00001d013170
Sobic.001G075900	Zm00001d034199	Zm00001d013172
Sobic.001G077800	Zm00001d034181	Zm00001d013187
Sobic.001G078700	Zm00001d034163	Zm00001d013200
Sobic.001G078900	Zm00001d034160	Zm00001d013202
Sobic.001G079500	Zm00001d034145	Zm00001d013208
Sobic.001G082600	Zm00001d034091	Zm00001d013232
Sobic.001G083000	Zm00001d034084	
Sobic.001G084000	Zm00001d034073	
Sobic.001G086400	Zm00001d034047	Zm00001d013258
Sobic.001G086500	Zm00001d034045	Zm00001d013259
Sobic.001G088100	Zm00001d034033	Zm00001d013265
Sobic.001G093200	Zm00001d033987	
Sobic.001G095500	Zm00001d033965	Zm00001d013307
Sobic.001G095700	Zm00001d033957	
Sobic.001G100100		Zm00001d013331
Sobic.001G102300	Zm00001d033898	
Sobic.001G104500	Zm00001d033876	Zm00001d013346
Sobic.001G105000	Zm00001d033870	Zm00001d013357
Sobic.001G106200	Zm00001d033859	
Sobic.001G107400	Zm00001d033848	Zm00001d013370
Sobic.001G109100	Zm00001d033834	Zm00001d013385
Sobic.001G110900	Zm00001d033815	Zm00001d013399
Sobic.001G112500	Zm00001d033791	Zm00001d013409
Sobic.001G118100	Zm00001d033719	Zm00001d013443
Sobic.001G119700	Zm00001d033706	Zm00001d013451
Sobic.001G120900	Zm00001d033680	Zm00001d013465
Sobic.001G121600	Zm00001d033673	Zm00001d013467
Sobic.001G127200	Zm00001d033610	Zm00001d013497
Sobic.001G127800	Zm00001d033602	Zm00001d013501
Sobic.001G132200	Zm00001d033553	
Sobic.001G137100	Zm00001d033378	Zm00001d013547
Sobic.001G137200	Zm00001d033379	
Sobic.001G139800	Zm00001d033396	Zm00001d013555
Sobic.001G140200	Zm00001d033404	Zm00001d013559
Sobic.001G140800	Zm00001d033407	
Sobic.001G140900	Zm00001d033412	
Sobic.001G141100	Zm00001d033413	
Sobic.001G147000	Zm00001d033466	Zm00001d013625
Sobic.001G148000	Zm00001d033471	Zm00001d013630
Sobic.001G152901		Zm00001d013661
Sobic.001G154500	Zm00001d033215	Zm00001d013676
Sobic.001G156900		Zm00001d013694
Sobic.001G157400	Zm00001d033246	Zm00001d013699
Sobic.001G158500	Zm00001d033262	
Sobic.001G158600	Zm00001d033265	
Sobic.001G158900	Zm00001d033267	
Sobic.001G159500	Zm00001d033274	
Sobic.001G162100	Zm00001d033291	Zm00001d013709
Sobic.001G164500	Zm00001d033310	
Sobic.001G165000	Zm00001d033313	Zm00001d013722
Sobic.001G165100	Zm00001d033313	
Sobic.001G165200	Zm00001d033313	
Sobic.001G165301	Zm00001d033314	Zm00001d013722
Sobic.001G165401	Zm00001d033314	Zm00001d013722
Sobic.001G165700	Zm00001d033315	Zm00001d013723
Sobic.001G166200	Zm00001d033325	Zm00001d013724
Sobic.001G167600	Zm00001d033335	Zm00001d013732
Sobic.001G169200	Zm00001d033347	
Sobic.001G169400	Zm00001d033353	
Sobic.001G174100	Zm00001d033166	
Sobic.001G174200	Zm00001d033166	
Sobic.001G174300	Zm00001d033166	
Sobic.001G174500	Zm00001d033166	
Sobic.001G177800	Zm00001d033128	Zm00001d013777
Sobic.001G179300	Zm00001d033093	Zm00001d013783
Sobic.001G180400		Zm00001d013792
Sobic.001G180600		Zm00001d013792
Sobic.001G183100	Zm00001d033075	Zm00001d013801
Sobic.001G190000		Zm00001d013827
Sobic.001G194600	Zm00001d032453	Zm00001d013849
Sobic.001G199200	Zm00001d032502	Zm00001d013895
Sobic.001G204400		Zm00001d013931
Sobic.001G206300	Zm00001d032578	
Sobic.001G217200	Zm00001d032681	
Sobic.001G217300	Zm00001d032683	Zm00001d014013
Sobic.001G219200	Zm00001d032694	Zm00001d014029
Sobic.001G227900	Zm00001d032784	
Sobic.001G234500		Zm00001d014113
Sobic.001G234700		Zm00001d014113
Sobic.001G235100		Zm00001d014117
Sobic.001G235200		Zm00001d014117
Sobic.001G237600		Zm00001d014132
Sobic.001G242900	Zm00001d032922	
Sobic.001G243000	Zm00001d032923	
Sobic.001G252800	Zm00001d032999	Zm00001d014198
Sobic.001G253900	Zm00001d033005	Zm00001d014201
Sobic.001G261501	Zm00001d030518	
Sobic.001G261700	Zm00001d030364	
Sobic.001G278300	Zm00001d030232	
Sobic.001G278500	Zm00001d030232	
Sobic.001G278800	Zm00001d030191	
Sobic.001G282400	Zm00001d030139	
Sobic.001G286700	Zm00001d030069	
Sobic.001G287600	Zm00001d030028	Zm00001d047017
Sobic.001G290400	Zm00001d030023	Zm00001d047050
Sobic.001G294700	Zm00001d029974	
Sobic.001G295600	Zm00001d029963	
Sobic.001G297200	Zm00001d029934	
Sobic.001G297500	Zm00001d029875	
Sobic.001G298100	Zm00001d029884	
Sobic.001G299600	Zm00001d029896	Zm00001d047081
Sobic.001G304500	Zm00001d029855	Zm00001d047123
Sobic.001G313800	Zm00001d029749	Zm00001d047359
Sobic.001G314900	Zm00001d029736	
Sobic.001G316900	Zm00001d029711	
Sobic.001G327900	Zm00001d029607	
Sobic.001G328500	Zm00001d029602	
Sobic.001G330100	Zm00001d029587	Zm00001d047334
Sobic.001G330200	Zm00001d029586	Zm00001d047334
Sobic.001G330400	Zm00001d029584	Zm00001d047330
Sobic.001G332500	Zm00001d029564	Zm00001d047309
Sobic.001G333700	Zm00001d029553	Zm00001d047298
Sobic.001G338600	Zm00001d029506	
Sobic.001G340200	Zm00001d029489	
Sobic.001G341400	Zm00001d029474	Zm00001d047266
Sobic.001G349650		Zm00001d047216
Sobic.001G349700	Zm00001d029402	Zm00001d047216
Sobic.001G351700		Zm00001d047209
Sobic.001G355600	Zm00001d029339	
Sobic.001G356000		Zm00001d047182
Sobic.001G356700		Zm00001d047170
Sobic.001G356800		Zm00001d047170
Sobic.001G357000		Zm00001d047170
Sobic.001G358900	Zm00001d029293	
Sobic.001G359800	Zm00001d029287	Zm00001d047421
Sobic.001G361100	Zm00001d029270	
Sobic.001G380700	Zm00001d029064	Zm00001d047519
Sobic.001G384300	Zm00001d029020	
Sobic.001G385800	Zm00001d028999	
Sobic.001G386000	Zm00001d028995	Zm00001d047554
Sobic.001G386600	Zm00001d028986	Zm00001d047559
Sobic.001G386700	Zm00001d028984	
Sobic.001G387600	Zm00001d028974	Zm00001d047563
Sobic.001G388400	Zm00001d028964	Zm00001d047574
Sobic.001G389000	Zm00001d028962	
Sobic.001G390800	Zm00001d028936	Zm00001d047587
Sobic.001G390900		Zm00001d047587
Sobic.001G391500	Zm00001d028930	Zm00001d047579
Sobic.001G392700	Zm00001d028919	
Sobic.001G396400	Zm00001d028879	Zm00001d047644
Sobic.001G397900	Zm00001d028854	Zm00001d047671
Sobic.001G398100	Zm00001d028842	Zm00001d047671
Sobic.001G398200	Zm00001d028842	Zm00001d047671
Sobic.001G399600	Zm00001d028828	
Sobic.001G404400	Zm00001d028777	Zm00001d047716
Sobic.001G409200	Zm00001d028721	Zm00001d047752
Sobic.001G416200	Zm00001d028667	Zm00001d047786
Sobic.001G416500	Zm00001d028664	
Sobic.001G420300	Zm00001d028625	Zm00001d047802
Sobic.001G421900	Zm00001d028603	Zm00001d047813
Sobic.001G427600	Zm00001d028537	
Sobic.001G428600	Zm00001d028526	
Sobic.001G428700	Zm00001d028524	Zm00001d047860
Sobic.001G430000	Zm00001d028504	Zm00001d047878
Sobic.001G433000	Zm00001d028472	
Sobic.001G434800	Zm00001d028445	Zm00001d047907
Sobic.001G435500	Zm00001d028432	
Sobic.001G437300	Zm00001d028413	Zm00001d047921
Sobic.001G440800	Zm00001d028380	Zm00001d047960
Sobic.001G441400	Zm00001d028372	Zm00001d047967
Sobic.001G441500	Zm00001d028371	Zm00001d047968
Sobic.001G443000	Zm00001d028361	Zm00001d047976
Sobic.001G446500	Zm00001d028312	
Sobic.001G447400	Zm00001d028304	Zm00001d047995
Sobic.001G447800	Zm00001d028297	Zm00001d047999
Sobic.001G448000		Zm00001d048004
Sobic.001G450700		Zm00001d048041
Sobic.001G451000	Zm00001d028265	Zm00001d048046
Sobic.001G453000		Zm00001d048059
Sobic.001G455900	Zm00001d028217	Zm00001d048082
Sobic.001G456000	Zm00001d028216	Zm00001d048083
Sobic.001G468400	Zm00001d028129	Zm00001d048172
Sobic.001G469100	Zm00001d028139	
Sobic.001G472600		Zm00001d048199
Sobic.001G473900	Zm00001d028017	Zm00001d048208
Sobic.001G474600	Zm00001d028007	
Sobic.001G476300	Zm00001d027991	Zm00001d048227
Sobic.001G476500	Zm00001d027987	Zm00001d048229
Sobic.001G478400	Zm00001d027957	
Sobic.001G479600	Zm00001d027939	Zm00001d048244
Sobic.001G481300	Zm00001d027928	
Sobic.001G481400	Zm00001d027925	
Sobic.001G481600	Zm00001d027924	
Sobic.001G485200	Zm00001d027878	
Sobic.001G486000	Zm00001d027874	
Sobic.001G486800	Zm00001d027870	Zm00001d048297
Sobic.001G488400	Zm00001d027859	Zm00001d048309
Sobic.001G488600	Zm00001d027855	
Sobic.001G488900	Zm00001d027852	Zm00001d048312
Sobic.001G489900	Zm00001d027846	
Sobic.001G494000	Zm00001d027802	
Sobic.001G496200	Zm00001d027757	
Sobic.001G496600	Zm00001d027752	
Sobic.001G501000	Zm00001d027709	Zm00001d048412
Sobic.001G501800	Zm00001d027702	Zm00001d048404
Sobic.001G502300	Zm00001d027686	
Sobic.001G503000	Zm00001d027679	Zm00001d048401
Sobic.001G503100	Zm00001d027678	Zm00001d048401
Sobic.001G503200	Zm00001d027677	Zm00001d048400
Sobic.001G506066		Zm00001d048391
Sobic.001G508400	Zm00001d027623	Zm00001d048383
Sobic.001G511400	Zm00001d027587	
Sobic.001G513700	Zm00001d027546	
Sobic.001G515800	Zm00001d027530	Zm00001d048347
Sobic.001G517800	Zm00001d027510	
Sobic.001G518900	Zm00001d027496	
Sobic.001G519100	Zm00001d027492	Zm00001d048448
Sobic.001G522500	Zm00001d027461	Zm00001d048455
Sobic.001G522700	Zm00001d027459	Zm00001d048457
Sobic.001G525900	Zm00001d027435	
Sobic.001G526200	Zm00001d027431	Zm00001d048471
Sobic.001G526800	Zm00001d027425	Zm00001d048474
Sobic.001G527500	Zm00001d027419	Zm00001d048478
Sobic.001G528200	Zm00001d027409	
Sobic.001G529200	Zm00001d027395	Zm00001d048493
Sobic.001G534300	Zm00001d027335	
Sobic.001G537300	Zm00001d027317	Zm00001d048527
Sobic.002G001700	Zm00001d018605	
Sobic.002G008600	Zm00001d018656	
Sobic.002G010100	Zm00001d018667	Zm00001d007949
Sobic.002G016300	Zm00001d018698	Zm00001d007962
Sobic.002G021300	Zm00001d018729	
Sobic.002G022600	Zm00001d018731	Zm00001d007840
Sobic.002G023900	Zm00001d018742	Zm00001d007842
Sobic.002G029400	Zm00001d018773	Zm00001d007850
Sobic.002G029900	Zm00001d018776	
Sobic.002G035500	Zm00001d018806	Zm00001d007868
Sobic.002G038500		Zm00001d007882
Sobic.002G039400	Zm00001d018829	
Sobic.002G039900	Zm00001d018832	Zm00001d007919
Sobic.002G050700	Zm00001d018930	
Sobic.002G051900	Zm00001d018941	
Sobic.002G054600	Zm00001d018967	
Sobic.002G054800	Zm00001d018971	
Sobic.002G055000	Zm00001d018971	
Sobic.002G069100	Zm00001d019098	
Sobic.002G069166	Zm00001d019098	
Sobic.002G069400	Zm00001d019098	
Sobic.002G071600	Zm00001d019116	
Sobic.002G076100	Zm00001d019166	Zm00001d005244
Sobic.002G080100	Zm00001d019207	Zm00001d005208
Sobic.002G080500	Zm00001d019213	
Sobic.002G080600	Zm00001d019213	
Sobic.002G080700	Zm00001d019213	
Sobic.002G081000	Zm00001d019213	
Sobic.002G081300	Zm00001d019216	Zm00001d005203
Sobic.002G083600	Zm00001d019230	
Sobic.002G114000		Zm00001d005160
Sobic.002G114200		Zm00001d005160
Sobic.002G114400		Zm00001d005160
Sobic.002G115400	Zm00001d019475	
Sobic.002G116600	Zm00001d019487	
Sobic.002G121600	Zm00001d019536	
Sobic.002G135100	Zm00001d019865	
Sobic.002G137200		Zm00001d005323
Sobic.002G139300	Zm00001d019744	Zm00001d005309
Sobic.002G139400	Zm00001d019734	Zm00001d005309
Sobic.002G139800		Zm00001d005307
Sobic.002G141300	Zm00001d019712	Zm00001d005300
Sobic.002G161700	Zm00001d020019	Zm00001d005547
Sobic.002G161800	Zm00001d020020	
Sobic.002G162701	Zm00001d020025	
Sobic.002G162800	Zm00001d020025	Zm00001d005578
Sobic.002G164700	Zm00001d020037	Zm00001d005566
Sobic.002G165600	Zm00001d020043	
Sobic.002G165700	Zm00001d020043	
Sobic.002G165800	Zm00001d020046	Zm00001d005584
Sobic.002G174200	Zm00001d020136	Zm00001d005622
Sobic.002G174300	Zm00001d020137	Zm00001d005622
Sobic.002G182000	Zm00001d020242	
Sobic.002G184400	Zm00001d020267	
Sobic.002G189000		Zm00001d005692
Sobic.002G194400	Zm00001d020384	
Sobic.002G196000	Zm00001d020405	
Sobic.002G196100	Zm00001d020408	
Sobic.002G197700	Zm00001d020430	
Sobic.002G197800	Zm00001d020430	
Sobic.002G198400	Zm00001d020433	Zm00001d005737
Sobic.002G198500		Zm00001d005740
Sobic.002G200300	Zm00001d020446	
Sobic.002G201000	Zm00001d020457	Zm00001d005760
Sobic.002G201100	Zm00001d020459	
Sobic.002G201400	Zm00001d020460	Zm00001d005757
Sobic.002G202600	Zm00001d020490	Zm00001d005750
Sobic.002G202700	Zm00001d020492	Zm00001d005749
Sobic.002G202800	Zm00001d020495	
Sobic.002G206400	Zm00001d020540	
Sobic.002G209300	Zm00001d020569	Zm00001d005784
Sobic.002G209800	Zm00001d020573	Zm00001d005787
Sobic.002G209900	Zm00001d020577	Zm00001d005788
Sobic.002G212000	Zm00001d020595	Zm00001d005798
Sobic.002G219300	Zm00001d020653	Zm00001d005837
Sobic.002G220300	Zm00001d020670	Zm00001d005875
Sobic.002G221400	Zm00001d020683	Zm00001d005871
Sobic.002G222300	Zm00001d020688	Zm00001d005865
Sobic.002G224200	Zm00001d020704	Zm00001d005843
Sobic.002G224500	Zm00001d020705	Zm00001d005841
Sobic.002G225100	Zm00001d020711	Zm00001d005884
Sobic.002G225300	Zm00001d020714	Zm00001d005888
Sobic.002G225700		Zm00001d005892
Sobic.002G230000	Zm00001d020763	Zm00001d005919
Sobic.002G231100	Zm00001d020774	Zm00001d005931
Sobic.002G232900	Zm00001d020790	Zm00001d005939
Sobic.002G233800	Zm00001d020804	Zm00001d005951
Sobic.002G235500	Zm00001d020823	Zm00001d005962
Sobic.002G235700	Zm00001d020826	Zm00001d005964
Sobic.002G236200		Zm00001d005969
Sobic.002G236600	Zm00001d020837	Zm00001d005970
Sobic.002G241500	Zm00001d020874	Zm00001d005993
Sobic.002G242500	Zm00001d020881	Zm00001d006001
Sobic.002G245500	Zm00001d020923	
Sobic.002G246600	Zm00001d020932	Zm00001d006022
Sobic.002G247300	Zm00001d020938	Zm00001d006027
Sobic.002G247500	Zm00001d020939	
Sobic.002G247800	Zm00001d020941	Zm00001d006028
Sobic.002G248600	Zm00001d020947	
Sobic.002G251800	Zm00001d020972	
Sobic.002G253000	Zm00001d020982	Zm00001d006053
Sobic.002G255200	Zm00001d021019	Zm00001d006065
Sobic.002G257900	Zm00001d021056	Zm00001d006091
Sobic.002G258000	Zm00001d021057	Zm00001d006094
Sobic.002G259600	Zm00001d021069	Zm00001d006106
Sobic.002G260600	Zm00001d021086	Zm00001d006110
Sobic.002G260800	Zm00001d021089	
Sobic.002G264100	Zm00001d021189	Zm00001d006127
Sobic.002G267000	Zm00001d021164	Zm00001d006150
Sobic.002G267100	Zm00001d021164	Zm00001d006150
Sobic.002G267700	Zm00001d021191	Zm00001d006157
Sobic.002G268600		Zm00001d006165
Sobic.002G269032	Zm00001d021207	Zm00001d006169
Sobic.002G269100	Zm00001d021205	Zm00001d006169
Sobic.002G269300	Zm00001d021207	Zm00001d006170
Sobic.002G269400	Zm00001d021208	Zm00001d006170
Sobic.002G269500	Zm00001d021207	Zm00001d006170
Sobic.002G269600	Zm00001d021214	
Sobic.002G270900	Zm00001d021236	
Sobic.002G271100	Zm00001d021263	
Sobic.002G272900	Zm00001d021268	Zm00001d006195
Sobic.002G273300	Zm00001d021278	Zm00001d006198
Sobic.002G274500	Zm00001d021285	Zm00001d006209
Sobic.002G275000	Zm00001d021290	Zm00001d006209
Sobic.002G275500	Zm00001d021296	
Sobic.002G279100	Zm00001d022628	Zm00001d006236
Sobic.002G280800	Zm00001d022613	
Sobic.002G287400	Zm00001d021442	Zm00001d006293
Sobic.002G290800	Zm00001d021424	
Sobic.002G290900	Zm00001d021423	
Sobic.002G293000	Zm00001d021403	Zm00001d006319
Sobic.002G293100	Zm00001d021403	Zm00001d006319
Sobic.002G294700	Zm00001d021389	Zm00001d006331
Sobic.002G295000	Zm00001d021386	
Sobic.002G297200		Zm00001d006344
Sobic.002G297800	Zm00001d021362	Zm00001d006348
Sobic.002G306000	Zm00001d021516	
Sobic.002G308400	Zm00001d021537	
Sobic.002G309200	Zm00001d021545	
Sobic.002G312200	Zm00001d021573	Zm00001d006451
Sobic.002G312300	Zm00001d021573	Zm00001d006451
Sobic.002G313800	Zm00001d021591	Zm00001d006463
Sobic.002G316600	Zm00001d021617	
Sobic.002G329300	Zm00001d021701	
Sobic.002G330300		Zm00001d006551
Sobic.002G332750	Zm00001d021721	Zm00001d006565
Sobic.002G337800	Zm00001d021761	Zm00001d006585
Sobic.002G339800	Zm00001d021790	Zm00001d006597
Sobic.002G340000	Zm00001d021799	
Sobic.002G342100	Zm00001d021818	
Sobic.002G342800	Zm00001d021826	
Sobic.002G343300	Zm00001d021831	Zm00001d006619
Sobic.002G345300	Zm00001d021842	
Sobic.002G346800	Zm00001d021863	
Sobic.002G350500	Zm00001d021892	Zm00001d006653
Sobic.002G352301		Zm00001d006668
Sobic.002G353200	Zm00001d021927	Zm00001d006677
Sobic.002G353700	Zm00001d021932	Zm00001d006682
Sobic.002G353800	Zm00001d021934	Zm00001d006687
Sobic.002G354800	Zm00001d021945	
Sobic.002G354900	Zm00001d021946	Zm00001d006701
Sobic.002G355000	Zm00001d021947	Zm00001d006702
Sobic.002G357400	Zm00001d021968	
Sobic.002G357800	Zm00001d021973	Zm00001d006721
Sobic.002G359200	Zm00001d021988	Zm00001d006733
Sobic.002G359300	Zm00001d021992	Zm00001d006735
Sobic.002G359700	Zm00001d021995	Zm00001d006739
Sobic.002G359800	Zm00001d021998	Zm00001d006744
Sobic.002G360100	Zm00001d022002	
Sobic.002G364700		Zm00001d006768
Sobic.002G368700	Zm00001d022088	
Sobic.002G369800	Zm00001d022099	Zm00001d006813
Sobic.002G370800	Zm00001d022109	Zm00001d006835
Sobic.002G372100	Zm00001d022116	
Sobic.002G374300	Zm00001d022142	
Sobic.002G381600	Zm00001d022193	Zm00001d006913
Sobic.002G384300		Zm00001d006922
Sobic.002G385300	Zm00001d022225	
Sobic.002G385450	Zm00001d022227	
Sobic.002G388700	Zm00001d022259	
Sobic.002G389600	Zm00001d022266	Zm00001d006945
Sobic.002G392500	Zm00001d022295	
Sobic.002G395600		Zm00001d007042
Sobic.002G411000	Zm00001d022488	Zm00001d007119
Sobic.002G415600	Zm00001d022461	
Sobic.002G418100	Zm00001d022442	Zm00001d007172
Sobic.002G418200	Zm00001d022440	Zm00001d007173
Sobic.002G418500	Zm00001d022437	
Sobic.002G420700	Zm00001d022424	
Sobic.002G421400	Zm00001d022517	
Sobic.002G421900	Zm00001d022525	
Sobic.002G422000	Zm00001d022526	
Sobic.002G422300	Zm00001d022530	Zm00001d007188
Sobic.002G423300		Zm00001d007191
Sobic.002G424000	Zm00001d022542	
Sobic.002G425600	Zm00001d022550	
Sobic.003G000600	Zm00001d039245	
Sobic.003G000800	Zm00001d039250	
Sobic.003G001300	Zm00001d039254	Zm00001d009030
Sobic.003G002600	Zm00001d039260	
Sobic.003G003600	Zm00001d039266	Zm00001d009017
Sobic.003G003700	Zm00001d039266	
Sobic.003G003800	Zm00001d039267	
Sobic.003G004500	Zm00001d039271	Zm00001d009013
Sobic.003G004600	Zm00001d039272	
Sobic.003G008700	Zm00001d039306	
Sobic.003G012800	Zm00001d039324	Zm00001d008968
Sobic.003G018700	Zm00001d039371	Zm00001d008919
Sobic.003G021800	Zm00001d039383	
Sobic.003G026300	Zm00001d039439	
Sobic.003G026700	Zm00001d039437	
Sobic.003G027000	Zm00001d039434	Zm00001d008882
Sobic.003G028000	Zm00001d039424	Zm00001d008872
Sobic.003G028300		Zm00001d008869
Sobic.003G031100	Zm00001d039459	Zm00001d008853
Sobic.003G031800	Zm00001d039467	Zm00001d008842
Sobic.003G033000	Zm00001d039475	Zm00001d008800
Sobic.003G033500	Zm00001d039482	
Sobic.003G034300	Zm00001d039492	Zm00001d008808
Sobic.003G034400	Zm00001d039495	Zm00001d008812
Sobic.003G034500	Zm00001d039496	
Sobic.003G035100	Zm00001d039506	Zm00001d008817
Sobic.003G037400	Zm00001d039531	
Sobic.003G037500	Zm00001d039532	
Sobic.003G040500	Zm00001d039581	
Sobic.003G040800	Zm00001d039584	
Sobic.003G046600	Zm00001d039635	
Sobic.003G046800	Zm00001d039637	
Sobic.003G049000		Zm00001d008735
Sobic.003G049400	Zm00001d039658	Zm00001d008734
Sobic.003G052900	Zm00001d039694	
Sobic.003G053200	Zm00001d039700	Zm00001d008695
Sobic.003G053300		Zm00001d008695
Sobic.003G059200	Zm00001d039750	
Sobic.003G061400	Zm00001d039764	
Sobic.003G062300		Zm00001d008648
Sobic.003G074700		Zm00001d008612
Sobic.003G076400	Zm00001d039892	
Sobic.003G076500	Zm00001d039893	Zm00001d008602
Sobic.003G076600	Zm00001d039893	Zm00001d008601
Sobic.003G085600		Zm00001d008546
Sobic.003G086600	Zm00001d040004	
Sobic.003G087600	Zm00001d040019	Zm00001d008528
Sobic.003G096300	Zm00001d040090	
Sobic.003G099000		Zm00001d008444
Sobic.003G102200	Zm00001d040148	
Sobic.003G102300	Zm00001d040152	
Sobic.003G105200	Zm00001d040186	Zm00001d008404
Sobic.003G105600	Zm00001d040189	Zm00001d008403
Sobic.003G105800		Zm00001d008399
Sobic.003G112700	Zm00001d040254	
Sobic.003G113900		Zm00001d008356
Sobic.003G117700	Zm00001d040301	Zm00001d008323
Sobic.003G117800	Zm00001d040302	Zm00001d008322
Sobic.003G119800	Zm00001d040318	Zm00001d008308
Sobic.003G121400	Zm00001d040362	
Sobic.003G128900	Zm00001d040423	Zm00001d008251
Sobic.003G129000	Zm00001d040426	Zm00001d008251
Sobic.003G129100	Zm00001d040428	
Sobic.003G131100	Zm00001d040455	
Sobic.003G132300	Zm00001d040464	Zm00001d008229
Sobic.003G136600	Zm00001d040527	Zm00001d008206
Sobic.003G136900	Zm00001d040536	Zm00001d008205
Sobic.003G138400	Zm00001d040554	Zm00001d008190
Sobic.003G139900	Zm00001d040571	Zm00001d008176
Sobic.003G140100		Zm00001d008174
Sobic.003G142300	Zm00001d040594	Zm00001d009066
Sobic.003G144200	Zm00001d040611	
Sobic.003G144400	Zm00001d040611	
Sobic.003G145100	Zm00001d040621	Zm00001d009088
Sobic.003G146200	Zm00001d040630	
Sobic.003G148600	Zm00001d040651	Zm00001d009103
Sobic.003G150400	Zm00001d040682	Zm00001d009160
Sobic.003G156600		Zm00001d009198
Sobic.003G157300	Zm00001d040775	Zm00001d009193
Sobic.003G183000	Zm00001d044546	
Sobic.003G183800	Zm00001d044538	
Sobic.003G186200	Zm00001d044519	Zm00001d011142
Sobic.003G191800	Zm00001d044242	Zm00001d011187
Sobic.003G194400	Zm00001d044259	
Sobic.003G194500	Zm00001d044260	
Sobic.003G194600	Zm00001d044261	Zm00001d011223
Sobic.003G195600	Zm00001d044272	Zm00001d011212
Sobic.003G200600	Zm00001d044315	
Sobic.003G200700		Zm00001d011237
Sobic.003G202600	Zm00001d044330	Zm00001d011252
Sobic.003G203800	Zm00001d044355	
Sobic.003G203833	Zm00001d044355	
Sobic.003G204200	Zm00001d044355	
Sobic.003G211200	Zm00001d044409	Zm00001d011297
Sobic.003G216800		Zm00001d011323
Sobic.003G216901		Zm00001d011323
Sobic.003G218700	Zm00001d044463	
Sobic.003G220700	Zm00001d044481	Zm00001d011355
Sobic.003G221900	Zm00001d044216	
Sobic.003G223400	Zm00001d044194	
Sobic.003G226600	Zm00001d044171	Zm00001d011403
Sobic.003G226800	Zm00001d044168	Zm00001d011406
Sobic.003G227300	Zm00001d044162	Zm00001d011413
Sobic.003G231700	Zm00001d044118	
Sobic.003G231800	Zm00001d044117	
Sobic.003G232800	Zm00001d044107	
Sobic.003G235900	Zm00001d044081	
Sobic.003G236701	Zm00001d044074	Zm00001d011470
Sobic.003G237201	Zm00001d044065	
Sobic.003G242300	Zm00001d044014	
Sobic.003G242400	Zm00001d044013	
Sobic.003G242800	Zm00001d044010	Zm00001d011496
Sobic.003G243500	Zm00001d044004	Zm00001d011499
Sobic.003G244100	Zm00001d043992	
Sobic.003G246800	Zm00001d043969	
Sobic.003G246900	Zm00001d043968	Zm00001d011515
Sobic.003G248400	Zm00001d043950	Zm00001d011527
Sobic.003G250100	Zm00001d043937	Zm00001d011537
Sobic.003G251700	Zm00001d043922	
Sobic.003G251800	Zm00001d043921	Zm00001d011555
Sobic.003G252100	Zm00001d043915	Zm00001d011560
Sobic.003G252200	Zm00001d043915	Zm00001d011560
Sobic.003G253200	Zm00001d043904	
Sobic.003G253500	Zm00001d043902	Zm00001d011571
Sobic.003G254900	Zm00001d043877	Zm00001d011589
Sobic.003G255000		Zm00001d011590
Sobic.003G256300		Zm00001d011597
Sobic.003G260300	Zm00001d043837	Zm00001d011614
Sobic.003G265200	Zm00001d043782	Zm00001d011639
Sobic.003G267400		Zm00001d011645
Sobic.003G270300	Zm00001d043729	Zm00001d011669
Sobic.003G272200	Zm00001d043706	
Sobic.003G273200	Zm00001d043699	
Sobic.003G273300	Zm00001d043696	Zm00001d011691
Sobic.003G273400	Zm00001d043695	Zm00001d011692
Sobic.003G274000	Zm00001d043687	
Sobic.003G275400		Zm00001d011712
Sobic.003G276000	Zm00001d043663	
Sobic.003G278300		Zm00001d011730
Sobic.003G280000	Zm00001d043611	Zm00001d011739
Sobic.003G281300		Zm00001d011745
Sobic.003G282400	Zm00001d043589	Zm00001d011748
Sobic.003G285500	Zm00001d043569	
Sobic.003G287200		Zm00001d012789
Sobic.003G293100		Zm00001d012757
Sobic.003G294600	Zm00001d043452	Zm00001d012751
Sobic.003G295900		Zm00001d012749
Sobic.003G296300	Zm00001d043474	Zm00001d012746
Sobic.003G297600	Zm00001d043491	Zm00001d012736
Sobic.003G298100	Zm00001d043500	Zm00001d012734
Sobic.003G298600	Zm00001d043431	Zm00001d012731
Sobic.003G299700	Zm00001d043423	Zm00001d012725
Sobic.003G300100	Zm00001d043420	Zm00001d012719
Sobic.003G301700	Zm00001d043402	Zm00001d012703
Sobic.003G303800	Zm00001d043378	Zm00001d012688
Sobic.003G305000	Zm00001d043368	
Sobic.003G311100	Zm00001d043311	
Sobic.003G313100		Zm00001d012642
Sobic.003G319800	Zm00001d043248	
Sobic.003G320300	Zm00001d043243	Zm00001d012605
Sobic.003G321500	Zm00001d043231	
Sobic.003G324400	Zm00001d043205	Zm00001d012585
Sobic.003G324500	Zm00001d043204	Zm00001d012584
Sobic.003G329500	Zm00001d043153	Zm00001d012553
Sobic.003G331100	Zm00001d043131	Zm00001d012544
Sobic.003G332200	Zm00001d043117	Zm00001d012538
Sobic.003G332300	Zm00001d043116	
Sobic.003G334200	Zm00001d043094	
Sobic.003G334600	Zm00001d043094	Zm00001d012527
Sobic.003G336600	Zm00001d043076	Zm00001d012516
Sobic.003G337500	Zm00001d043066	Zm00001d012508
Sobic.003G337600	Zm00001d043063	
Sobic.003G337700		Zm00001d012507
Sobic.003G337800	Zm00001d043062	
Sobic.003G337900	Zm00001d043060	Zm00001d012505
Sobic.003G340100	Zm00001d043036	
Sobic.003G341100	Zm00001d043025	Zm00001d012482
Sobic.003G346500	Zm00001d042968	Zm00001d012445
Sobic.003G346700	Zm00001d042965	
Sobic.003G349700	Zm00001d042933	Zm00001d012427
Sobic.003G350900	Zm00001d042920	Zm00001d012419
Sobic.003G351900	Zm00001d042917	Zm00001d012417
Sobic.003G352200	Zm00001d042910	Zm00001d012404
Sobic.003G352600	Zm00001d042907	
Sobic.003G353700	Zm00001d042892	
Sobic.003G356200	Zm00001d042864	
Sobic.003G357300	Zm00001d042849	Zm00001d012379
Sobic.003G359800	Zm00001d042830	Zm00001d012337
Sobic.003G360200	Zm00001d042821	Zm00001d012330
Sobic.003G363400	Zm00001d042779	Zm00001d012296
Sobic.003G363600	Zm00001d042777	Zm00001d012294
Sobic.003G365500	Zm00001d042758	
Sobic.003G365600	Zm00001d042756	Zm00001d012285
Sobic.003G367100	Zm00001d042736	Zm00001d012280
Sobic.003G368300	Zm00001d042721	Zm00001d012273
Sobic.003G369100	Zm00001d042717	
Sobic.003G370700	Zm00001d042686	Zm00001d012260
Sobic.003G373000	Zm00001d042665	Zm00001d012255
Sobic.003G379000	Zm00001d042618	
Sobic.003G379700	Zm00001d042609	
Sobic.003G380900	Zm00001d042593	
Sobic.003G381100	Zm00001d042591	
Sobic.003G381400	Zm00001d042588	
Sobic.003G382300	Zm00001d042580	
Sobic.003G383700	Zm00001d042560	Zm00001d012180
Sobic.003G390600	Zm00001d042492	
Sobic.003G391100	Zm00001d042482	
Sobic.003G392800	Zm00001d042472	
Sobic.003G393300	Zm00001d042463	Zm00001d012128
Sobic.003G393600	Zm00001d042460	
Sobic.003G396600	Zm00001d042433	Zm00001d012092
Sobic.003G398200	Zm00001d042396	
Sobic.003G400600	Zm00001d042373	Zm00001d012067
Sobic.003G402000	Zm00001d042363	Zm00001d012049
Sobic.003G406600	Zm00001d042319	Zm00001d012015
Sobic.003G406800	Zm00001d042315	
Sobic.003G407200	Zm00001d042313	
Sobic.003G408400	Zm00001d042305	Zm00001d011985
Sobic.003G409800	Zm00001d042288	Zm00001d011969
Sobic.003G409900	Zm00001d042287	
Sobic.003G411500	Zm00001d042271	
Sobic.003G411900	Zm00001d042267	Zm00001d011953
Sobic.003G412200	Zm00001d042263	
Sobic.003G416700	Zm00001d042212	
Sobic.003G417500	Zm00001d042202	
Sobic.003G417700	Zm00001d042197	Zm00001d011915
Sobic.003G417800	Zm00001d042196	Zm00001d011915
Sobic.003G423900	Zm00001d042127	Zm00001d011881
Sobic.003G428800	Zm00001d042062	Zm00001d011847
Sobic.003G429800		Zm00001d011843
Sobic.003G442100	Zm00001d041981	
Sobic.003G444000	Zm00001d041958	
Sobic.003G445800		Zm00001d011771
Sobic.004G000800	Zm00001d014917	
Sobic.004G003700	Zm00001d014938	Zm00001d054080
Sobic.004G004100		Zm00001d054077
Sobic.004G011100	Zm00001d014989	
Sobic.004G012100	Zm00001d014995	Zm00001d054038
Sobic.004G017500		Zm00001d053895
Sobic.004G023500		Zm00001d053940
Sobic.004G026700	Zm00001d015118	Zm00001d053967
Sobic.004G027800		Zm00001d053975
Sobic.004G031100	Zm00001d015153	Zm00001d053988
Sobic.004G034100	Zm00001d015201	
Sobic.004G036500	Zm00001d015226	
Sobic.004G036900	Zm00001d015233	Zm00001d053890
Sobic.004G037800	Zm00001d015243	
Sobic.004G040000	Zm00001d015265	
Sobic.004G047500		Zm00001d053855
Sobic.004G049700		Zm00001d053841
Sobic.004G051900		Zm00001d053819
Sobic.004G056000	Zm00001d015381	
Sobic.004G058700	Zm00001d015407	
Sobic.004G058900	Zm00001d015410	Zm00001d053775
Sobic.004G059100	Zm00001d015412	
Sobic.004G059900	Zm00001d015421	
Sobic.004G062100	Zm00001d015451	Zm00001d053756
Sobic.004G063200	Zm00001d015468	
Sobic.004G065900	Zm00001d015515	Zm00001d053746
Sobic.004G066600	Zm00001d015521	
Sobic.004G066700	Zm00001d015525	
Sobic.004G067100	Zm00001d015549	Zm00001d053749
Sobic.004G070200	Zm00001d015605	Zm00001d053718
Sobic.004G070400	Zm00001d015605	Zm00001d053718
Sobic.004G070900	Zm00001d015614	
Sobic.004G073100	Zm00001d015639	Zm00001d053707
Sobic.004G074700	Zm00001d015664	Zm00001d053703
Sobic.004G078100		Zm00001d053682
Sobic.004G078800	Zm00001d015845	
Sobic.004G080300	Zm00001d015815	
Sobic.004G084600	Zm00001d015759	
Sobic.004G085600	Zm00001d015743	
Sobic.004G091200	Zm00001d016381	Zm00001d053595
Sobic.004G094100	Zm00001d016361	
Sobic.004G094600	Zm00001d016354	
Sobic.004G097700	Zm00001d016298	
Sobic.004G100500	Zm00001d016262	
Sobic.004G100700	Zm00001d016260	
Sobic.004G101000	Zm00001d016257	
Sobic.004G101400	Zm00001d016255	
Sobic.004G102500	Zm00001d016231	Zm00001d053543
Sobic.004G102600	Zm00001d016231	Zm00001d053543
Sobic.004G102700	Zm00001d016231	Zm00001d053543
Sobic.004G106300	Zm00001d016175	
Sobic.004G107900	Zm00001d016154	Zm00001d053442
Sobic.004G112200	Zm00001d016119	
Sobic.004G113700		Zm00001d053397
Sobic.004G115000	Zm00001d016095	Zm00001d053391
Sobic.004G117600	Zm00001d016052	Zm00001d053369
Sobic.004G123400	Zm00001d016000	
Sobic.004G124300	Zm00001d015990	
Sobic.004G129600	Zm00001d015965	Zm00001d053298
Sobic.004G138400	Zm00001d016457	
Sobic.004G150400	Zm00001d016520	
Sobic.004G153200	Zm00001d016552	Zm00001d050551
Sobic.004G158300	Zm00001d016604	Zm00001d050583
Sobic.004G158901	Zm00001d016616	
Sobic.004G159500	Zm00001d016623	
Sobic.004G160100	Zm00001d016632	
Sobic.004G163200	Zm00001d016674	
Sobic.004G168300	Zm00001d016737	Zm00001d050664
Sobic.004G168800	Zm00001d016732	Zm00001d050669
Sobic.004G170700	Zm00001d016755	Zm00001d050698
Sobic.004G173300	Zm00001d016772	
Sobic.004G174400	Zm00001d016793	Zm00001d050730
Sobic.004G176600	Zm00001d016814	
Sobic.004G178300	Zm00001d016836	
Sobic.004G178500	Zm00001d016838	Zm00001d050781
Sobic.004G179900	Zm00001d016848	Zm00001d050787
Sobic.004G184200	Zm00001d016873	
Sobic.004G184400	Zm00001d016876	
Sobic.004G185200		Zm00001d050834
Sobic.004G188300	Zm00001d016911	
Sobic.004G189100	Zm00001d016924	Zm00001d050861
Sobic.004G191700	Zm00001d016950	Zm00001d050893
Sobic.004G191800	Zm00001d016952	
Sobic.004G191901	Zm00001d016957	Zm00001d050897
Sobic.004G200700		Zm00001d050948
Sobic.004G201600	Zm00001d017084	Zm00001d050960
Sobic.004G204000	Zm00001d017112	
Sobic.004G207200	Zm00001d017138	
Sobic.004G208400	Zm00001d017147	Zm00001d051018
Sobic.004G209600	Zm00001d017164	
Sobic.004G209700	Zm00001d017165	
Sobic.004G211200	Zm00001d017176	Zm00001d051047
Sobic.004G214300	Zm00001d017207	
Sobic.004G216900	Zm00001d017243	Zm00001d051117
Sobic.004G219500		Zm00001d051140
Sobic.004G219800	Zm00001d017268	Zm00001d051149
Sobic.004G221400	Zm00001d017284	Zm00001d051172
Sobic.004G225400	Zm00001d017350	Zm00001d051216
Sobic.004G227400	Zm00001d017366	Zm00001d051239
Sobic.004G228400	Zm00001d018119	Zm00001d052192
Sobic.004G231700	Zm00001d018097	
Sobic.004G233200	Zm00001d018081	Zm00001d052229
Sobic.004G237000	Zm00001d018056	Zm00001d052254
Sobic.004G237100	Zm00001d018050	Zm00001d052255
Sobic.004G237300	Zm00001d018045	Zm00001d052256
Sobic.004G237900	Zm00001d018038	
Sobic.004G238400	Zm00001d018035	
Sobic.004G243900	Zm00001d017986	Zm00001d052288
Sobic.004G248700		Zm00001d051788
Sobic.004G249500	Zm00001d017939	
Sobic.004G250000	Zm00001d017932	
Sobic.004G251300	Zm00001d017920	Zm00001d051749
Sobic.004G252600	Zm00001d017911	Zm00001d051739
Sobic.004G253300	Zm00001d017908	
Sobic.004G254000	Zm00001d017900	Zm00001d051700
Sobic.004G254500	Zm00001d017898	Zm00001d051697
Sobic.004G256200	Zm00001d017885	Zm00001d051684
Sobic.004G264200	Zm00001d017804	
Sobic.004G266200	Zm00001d017788	Zm00001d051577
Sobic.004G266800	Zm00001d017784	Zm00001d051573
Sobic.004G267000	Zm00001d017782	
Sobic.004G267400	Zm00001d017778	Zm00001d051569
Sobic.004G269900	Zm00001d017742	
Sobic.004G270600	Zm00001d017726	
Sobic.004G270900	Zm00001d017724	
Sobic.004G271800	Zm00001d017712	Zm00001d051550
Sobic.004G273000	Zm00001d017702	Zm00001d051527
Sobic.004G273800		Zm00001d051520
Sobic.004G275500	Zm00001d017677	Zm00001d051509
Sobic.004G279300	Zm00001d017642	Zm00001d051480
Sobic.004G280500	Zm00001d017618	Zm00001d051471
Sobic.004G281000	Zm00001d017614	Zm00001d051465
Sobic.004G281200		Zm00001d051461
Sobic.004G281800	Zm00001d017609	
Sobic.004G281900	Zm00001d017608	Zm00001d051458
Sobic.004G282601		Zm00001d051456
Sobic.004G283000	Zm00001d017595	
Sobic.004G283201	Zm00001d017592	
Sobic.004G283300	Zm00001d017591	Zm00001d051451
Sobic.004G284400	Zm00001d017575	Zm00001d051439
Sobic.004G285300	Zm00001d017563	
Sobic.004G285400	Zm00001d017560	
Sobic.004G285600	Zm00001d017559	
Sobic.004G290800	Zm00001d017513	Zm00001d051387
Sobic.004G291000	Zm00001d017513	Zm00001d051387
Sobic.004G294100	Zm00001d017497	Zm00001d051371
Sobic.004G295500	Zm00001d017480	Zm00001d051355
Sobic.004G295600	Zm00001d017478	Zm00001d051350
Sobic.004G295700	Zm00001d017477	Zm00001d051355
Sobic.004G296900	Zm00001d017466	Zm00001d051340
Sobic.004G297100	Zm00001d017462	
Sobic.004G298400	Zm00001d017444	Zm00001d051328
Sobic.004G300300	Zm00001d017422	
Sobic.004G300500	Zm00001d017420	Zm00001d051316
Sobic.004G301000	Zm00001d017412	Zm00001d051309
Sobic.004G301100	Zm00001d017409	
Sobic.004G302400	Zm00001d017396	Zm00001d051294
Sobic.004G302700	Zm00001d017391	
Sobic.004G303400	Zm00001d017385	Zm00001d051269
Sobic.004G303600	Zm00001d017383	Zm00001d051267
Sobic.004G306500	Zm00001d018142	Zm00001d052180
Sobic.004G308900	Zm00001d018158	Zm00001d052167
Sobic.004G309600	Zm00001d018178	
Sobic.004G310600	Zm00001d018191	Zm00001d052152
Sobic.004G311200	Zm00001d018198	
Sobic.004G311300	Zm00001d018198	
Sobic.004G312700	Zm00001d018208	
Sobic.004G313900	Zm00001d018225	Zm00001d052133
Sobic.004G316500	Zm00001d018255	
Sobic.004G316700	Zm00001d018258	
Sobic.004G317000	Zm00001d018260	Zm00001d052112
Sobic.004G319700	Zm00001d018288	Zm00001d052102
Sobic.004G321300	Zm00001d018305	Zm00001d052087
Sobic.004G322800	Zm00001d018320	Zm00001d052069
Sobic.004G327400	Zm00001d018360	
Sobic.004G329800	Zm00001d018374	Zm00001d052038
Sobic.004G330900	Zm00001d018380	
Sobic.004G331300		Zm00001d052026
Sobic.004G336700	Zm00001d018416	
Sobic.004G337500	Zm00001d018421	Zm00001d051981
Sobic.004G338800	Zm00001d018435	Zm00001d051956
Sobic.004G342200	Zm00001d018465	
Sobic.004G348800		Zm00001d051891
Sobic.004G349237	Zm00001d018510	
Sobic.004G350300		Zm00001d051879
Sobic.004G351700		Zm00001d051865
Sobic.004G354700	Zm00001d018530	
Sobic.004G357200		Zm00001d051838
Sobic.004G359200	Zm00001d018571	
Sobic.005G001000	Zm00001d052307	Zm00001d005100
Sobic.005G004000		Zm00001d005087
Sobic.005G004600	Zm00001d052317	
Sobic.005G013400	Zm00001d052355	Zm00001d005057
Sobic.005G013500	Zm00001d052355	Zm00001d005057
Sobic.005G013600	Zm00001d052357	
Sobic.005G013800	Zm00001d052358	
Sobic.005G014100		Zm00001d005055
Sobic.005G014200		Zm00001d005056
Sobic.005G014800	Zm00001d052365	
Sobic.005G017500	Zm00001d052380	Zm00001d005029
Sobic.005G018500	Zm00001d052390	
Sobic.005G018700	Zm00001d052390	Zm00001d005028
Sobic.005G020000	Zm00001d052396	
Sobic.005G020200	Zm00001d052397	
Sobic.005G021000	Zm00001d052405	Zm00001d005016
Sobic.005G022400	Zm00001d052431	Zm00001d005005
Sobic.005G025100		Zm00001d004995
Sobic.005G029600	Zm00001d052464	
Sobic.005G038700	Zm00001d052543	
Sobic.005G041000	Zm00001d052564	
Sobic.005G041400	Zm00001d052591	
Sobic.005G042200	Zm00001d052598	Zm00001d004889
Sobic.005G045200	Zm00001d053151	Zm00001d004865
Sobic.005G046100	Zm00001d053162	Zm00001d004857
Sobic.005G046250	Zm00001d053163	
Sobic.005G047200	Zm00001d053178	Zm00001d004851
Sobic.005G052700		Zm00001d004822
Sobic.005G062000	Zm00001d053060	Zm00001d004744
Sobic.005G073500	Zm00001d049094	
Sobic.005G086700	Zm00001d049000	
Sobic.005G087600	Zm00001d048991	
Sobic.005G100200	Zm00001d049137	
Sobic.005G100400	Zm00001d049137	
Sobic.005G100600	Zm00001d049135	
Sobic.005G103000	Zm00001d049058	
Sobic.005G103100	Zm00001d049058	
Sobic.005G111700	Zm00001d049223	Zm00001d004651
Sobic.005G117400	Zm00001d049173	
Sobic.005G120600	Zm00001d049165	
Sobic.005G121100		Zm00001d007339
Sobic.005G123000	Zm00001d049249	
Sobic.005G131900	Zm00001d049294	Zm00001d007382
Sobic.005G132000	Zm00001d049295	
Sobic.005G143400	Zm00001d052621	Zm00001d007436
Sobic.005G150900		Zm00001d007465
Sobic.005G155900	Zm00001d053124	
Sobic.005G177800	Zm00001d048901	
Sobic.005G179700	Zm00001d048894	
Sobic.005G179800	Zm00001d048894	
Sobic.005G179900	Zm00001d048894	
Sobic.005G180000	Zm00001d048894	
Sobic.005G180100	Zm00001d048894	
Sobic.005G180200	Zm00001d048894	
Sobic.005G180300	Zm00001d048894	
Sobic.005G180400	Zm00001d048894	
Sobic.005G195400	Zm00001d048786	
Sobic.005G200800	Zm00001d048734	Zm00001d007675
Sobic.005G204600	Zm00001d048697	
Sobic.005G208950	Zm00001d048681	Zm00001d007713
Sobic.005G209000	Zm00001d048682	Zm00001d007713
Sobic.005G209100	Zm00001d048681	Zm00001d007713
Sobic.005G209200	Zm00001d048681	Zm00001d007713
Sobic.005G209300	Zm00001d048681	Zm00001d007713
Sobic.005G217200	Zm00001d048647	
Sobic.005G224700	Zm00001d048623	
Sobic.005G224800	Zm00001d048623	
Sobic.005G229400	Zm00001d048603	
Sobic.005G229500	Zm00001d048603	
Sobic.005G229600	Zm00001d048604	
Sobic.005G229700	Zm00001d048603	
Sobic.005G229900	Zm00001d048603	
Sobic.005G230000	Zm00001d048588	
Sobic.005G230100	Zm00001d048602	
Sobic.005G230200	Zm00001d048602	
Sobic.005G230300	Zm00001d048601	
Sobic.005G230900	Zm00001d048600	
Sobic.005G231000	Zm00001d048600	
Sobic.005G231700	Zm00001d048590	
Sobic.006G002800	Zm00001d004541	Zm00001d024928
Sobic.006G004800		Zm00001d024905
Sobic.006G008800	Zm00001d004512	
Sobic.006G009500	Zm00001d004497	Zm00001d024883
Sobic.006G018600		Zm00001d025051
Sobic.006G022000	Zm00001d004358	Zm00001d025041
Sobic.006G025000		Zm00001d025033
Sobic.006G047200	Zm00001d004007	Zm00001d025205
Sobic.006G050900		Zm00001d025233
Sobic.006G051800	Zm00001d003958	Zm00001d025235
Sobic.006G058400	Zm00001d003889	Zm00001d025275
Sobic.006G058732	Zm00001d003884	Zm00001d025281
Sobic.006G059800	Zm00001d003871	Zm00001d025298
Sobic.006G065800	Zm00001d003836	Zm00001d025332
Sobic.006G066600	Zm00001d003822	Zm00001d025339
Sobic.006G074600	Zm00001d003755	
Sobic.006G080200		Zm00001d025409
Sobic.006G080500	Zm00001d003677	
Sobic.006G083201	Zm00001d003657	
Sobic.006G084201	Zm00001d003645	
Sobic.006G086000	Zm00001d003626	
Sobic.006G087100	Zm00001d003616	Zm00001d025450
Sobic.006G089000	Zm00001d003604	Zm00001d025462
Sobic.006G089500	Zm00001d003601	
Sobic.006G091500		Zm00001d025479
Sobic.006G092100	Zm00001d003583	Zm00001d025483
Sobic.006G092300	Zm00001d003573	Zm00001d025485
Sobic.006G093700	Zm00001d003553	
Sobic.006G094500	Zm00001d003549	Zm00001d025514
Sobic.006G104000	Zm00001d003451	
Sobic.006G107400	Zm00001d003414	
Sobic.006G107500	Zm00001d003412	
Sobic.006G115200		Zm00001d025664
Sobic.006G115400	Zm00001d003342	Zm00001d025666
Sobic.006G115700	Zm00001d003331	Zm00001d025669
Sobic.006G120301	Zm00001d003293	Zm00001d025684
Sobic.006G120400	Zm00001d003293	Zm00001d025684
Sobic.006G126600		Zm00001d025720
Sobic.006G127800	Zm00001d003229	Zm00001d025727
Sobic.006G131800	Zm00001d003195	
Sobic.006G133700	Zm00001d003180	
Sobic.006G133900	Zm00001d003176	Zm00001d025757
Sobic.006G135100	Zm00001d003162	Zm00001d025770
Sobic.006G141900	Zm00001d003080	
Sobic.006G142000		Zm00001d025823
Sobic.006G147400	Zm00001d003052	Zm00001d025861
Sobic.006G148000	Zm00001d003064	Zm00001d025864
Sobic.006G149600	Zm00001d003011	Zm00001d025871
Sobic.006G153100	Zm00001d002970	
Sobic.006G154000		Zm00001d025896
Sobic.006G156100	Zm00001d002867	Zm00001d025910
Sobic.006G159200	Zm00001d002843	Zm00001d025930
Sobic.006G160800	Zm00001d002829	Zm00001d025944
Sobic.006G160900	Zm00001d002828	
Sobic.006G162800	Zm00001d002811	Zm00001d025953
Sobic.006G163100	Zm00001d002806	Zm00001d025957
Sobic.006G163600	Zm00001d002801	Zm00001d025960
Sobic.006G163900	Zm00001d002799	Zm00001d025964
Sobic.006G165000	Zm00001d002781	Zm00001d025981
Sobic.006G165100	Zm00001d002782	Zm00001d025982
Sobic.006G166100	Zm00001d002790	Zm00001d025988
Sobic.006G166300	Zm00001d002794	
Sobic.006G167800	Zm00001d002762	Zm00001d026191
Sobic.006G167900	Zm00001d002761	
Sobic.006G168000	Zm00001d002761	
Sobic.006G168100	Zm00001d002760	
Sobic.006G168200	Zm00001d002760	
Sobic.006G169200	Zm00001d002754	
Sobic.006G169700	Zm00001d002750	Zm00001d026186
Sobic.006G170000	Zm00001d002747	Zm00001d026182
Sobic.006G170100	Zm00001d002744	Zm00001d026182
Sobic.006G171000		Zm00001d026175
Sobic.006G171500	Zm00001d002732	Zm00001d026166
Sobic.006G171600	Zm00001d002731	
Sobic.006G172900	Zm00001d002718	Zm00001d026158
Sobic.006G175200		Zm00001d026147
Sobic.006G175500		Zm00001d026147
Sobic.006G175700		Zm00001d026147
Sobic.006G179600	Zm00001d002661	
Sobic.006G180300		Zm00001d026120
Sobic.006G180900	Zm00001d002654	Zm00001d026113
Sobic.006G181600	Zm00001d002649	Zm00001d026106
Sobic.006G182300	Zm00001d002642	Zm00001d026096
Sobic.006G182800		Zm00001d026094
Sobic.006G183200		Zm00001d026088
Sobic.006G184700	Zm00001d002620	
Sobic.006G184800	Zm00001d002618	
Sobic.006G188900	Zm00001d002573	Zm00001d026050
Sobic.006G190400	Zm00001d002562	Zm00001d026005
Sobic.006G192100	Zm00001d002545	Zm00001d026017
Sobic.006G197200	Zm00001d002494	Zm00001d026034
Sobic.006G197400	Zm00001d002492	Zm00001d026046
Sobic.006G197500	Zm00001d002492	Zm00001d026046
Sobic.006G198700	Zm00001d002482	Zm00001d026197
Sobic.006G199800	Zm00001d002476	Zm00001d026203
Sobic.006G201000	Zm00001d002452	Zm00001d026218
Sobic.006G201600	Zm00001d002449	Zm00001d026231
Sobic.006G202300	Zm00001d002439	
Sobic.006G203400	Zm00001d002429	Zm00001d026240
Sobic.006G204300	Zm00001d002424	Zm00001d026245
Sobic.006G206000	Zm00001d002405	Zm00001d026252
Sobic.006G210300	Zm00001d002364	Zm00001d026271
Sobic.006G213700	Zm00001d002332	Zm00001d026290
Sobic.006G213800	Zm00001d002332	Zm00001d026290
Sobic.006G217800	Zm00001d002288	Zm00001d026317
Sobic.006G218300	Zm00001d002285	
Sobic.006G223300	Zm00001d002234	Zm00001d026351
Sobic.006G228300	Zm00001d002200	Zm00001d026379
Sobic.006G233500	Zm00001d002143	Zm00001d026398
Sobic.006G236600	Zm00001d002121	
Sobic.006G240500	Zm00001d002079	Zm00001d026447
Sobic.006G240700	Zm00001d002075	Zm00001d026448
Sobic.006G245500	Zm00001d002025	
Sobic.006G245900		Zm00001d026485
Sobic.006G247000	Zm00001d002011	Zm00001d026486
Sobic.006G247700	Zm00001d002005	Zm00001d026491
Sobic.006G254600	Zm00001d001952	Zm00001d026536
Sobic.006G254900	Zm00001d001948	Zm00001d026537
Sobic.006G255300	Zm00001d001945	Zm00001d026540
Sobic.006G256200	Zm00001d001936	Zm00001d026542
Sobic.006G256500	Zm00001d001933	
Sobic.006G256600	Zm00001d001932	Zm00001d026543
Sobic.006G261200	Zm00001d001894	
Sobic.006G261800		Zm00001d026587
Sobic.006G262100	Zm00001d001879	Zm00001d026590
Sobic.006G266400	Zm00001d001838	
Sobic.006G266600	Zm00001d001837	Zm00001d026613
Sobic.006G267900	Zm00001d001824	Zm00001d026628
Sobic.006G272400		Zm00001d026648
Sobic.006G278400		Zm00001d026684
Sobic.006G278900	Zm00001d002929	Zm00001d026687
Sobic.006G279400	Zm00001d002934	
Sobic.006G281900	Zm00001d002945	
Sobic.007G000400	Zm00001d034965	Zm00001d052750
Sobic.007G003000	Zm00001d034984	
Sobic.007G008500	Zm00001d035027	Zm00001d049721
Sobic.007G013800	Zm00001d035053	Zm00001d049692
Sobic.007G015500	Zm00001d035076	Zm00001d049687
Sobic.007G018100	Zm00001d035084	Zm00001d049678
Sobic.007G028700	Zm00001d035195	Zm00001d049625
Sobic.007G031600	Zm00001d024703	
Sobic.007G032100	Zm00001d024701	
Sobic.007G033800	Zm00001d024679	
Sobic.007G037100	Zm00001d024644	
Sobic.007G039100	Zm00001d024630	
Sobic.007G039200	Zm00001d024627	Zm00001d049581
Sobic.007G047400	Zm00001d024546	Zm00001d049543
Sobic.007G047500	Zm00001d024545	
Sobic.007G047700	Zm00001d024543	Zm00001d049540
Sobic.007G050100		Zm00001d049525
Sobic.007G050300	Zm00001d024534	Zm00001d049516
Sobic.007G050500	Zm00001d024532	Zm00001d049511
Sobic.007G051700	Zm00001d024523	
Sobic.007G051800	Zm00001d024522	
Sobic.007G053700		Zm00001d049495
Sobic.007G054400		Zm00001d049493
Sobic.007G055300	Zm00001d024488	
Sobic.007G056700	Zm00001d024468	
Sobic.007G058300	Zm00001d024436	
Sobic.007G059500		Zm00001d049485
Sobic.007G062200	Zm00001d024220	Zm00001d049461
Sobic.007G063200	Zm00001d024230	
Sobic.007G065300		Zm00001d049443
Sobic.007G071000	Zm00001d024268	
Sobic.007G076800	Zm00001d024321	Zm00001d049369
Sobic.007G077001	Zm00001d024324	Zm00001d049364
Sobic.007G077100	Zm00001d024324	Zm00001d049364
Sobic.007G077200	Zm00001d024324	Zm00001d049364
Sobic.007G077300	Zm00001d024324	Zm00001d049364
Sobic.007G077466	Zm00001d024323	
Sobic.007G083900	Zm00001d024354	
Sobic.007G085300	Zm00001d024376	Zm00001d050195
Sobic.007G086100	Zm00001d024389	
Sobic.007G086200	Zm00001d024389	
Sobic.007G087600	Zm00001d024410	
Sobic.007G092000	Zm00001d024200	
Sobic.007G092300		Zm00001d050185
Sobic.007G107400		Zm00001d049309
Sobic.007G109900	Zm00001d030577	
Sobic.007G117100	Zm00001d032328	Zm00001d050242
Sobic.007G118301	Zm00001d032265	Zm00001d050247
Sobic.007G122600	Zm00001d032286	Zm00001d050269
Sobic.007G124100	Zm00001d032295	
Sobic.007G126400	Zm00001d032316	Zm00001d050310
Sobic.007G132000	Zm00001d032249	Zm00001d050350
Sobic.007G132600	Zm00001d032240	
Sobic.007G135700	Zm00001d032217	Zm00001d050389
Sobic.007G135900	Zm00001d032213	Zm00001d050394
Sobic.007G136500	Zm00001d032206	Zm00001d050400
Sobic.007G137101	Zm00001d032194	
Sobic.007G137300	Zm00001d032190	Zm00001d050404
Sobic.007G138600	Zm00001d032182	Zm00001d050410
Sobic.007G138800	Zm00001d032179	
Sobic.007G138900	Zm00001d032178	
Sobic.007G139000	Zm00001d032177	Zm00001d050452
Sobic.007G139200	Zm00001d032175	Zm00001d050443
Sobic.007G142700	Zm00001d032144	
Sobic.007G143900	Zm00001d032132	
Sobic.007G147300	Zm00001d032095	
Sobic.007G148500	Zm00001d032077	
Sobic.007G152300	Zm00001d031745	
Sobic.007G153300	Zm00001d031759	
Sobic.007G153700		Zm00001d049991
Sobic.007G155300	Zm00001d031781	Zm00001d050016
Sobic.007G155900	Zm00001d031790	Zm00001d050018
Sobic.007G156700	Zm00001d031796	
Sobic.007G159300	Zm00001d031818	
Sobic.007G160400	Zm00001d031840	
Sobic.007G162700	Zm00001d031861	Zm00001d049889
Sobic.007G164900	Zm00001d031861	Zm00001d049903
Sobic.007G166100	Zm00001d031898	Zm00001d049913
Sobic.007G172800	Zm00001d031985	
Sobic.007G173200	Zm00001d031992	
Sobic.007G177100	Zm00001d032024	Zm00001d053220
Sobic.007G178300	Zm00001d032032	Zm00001d053210
Sobic.007G179000	Zm00001d032040	Zm00001d053208
Sobic.007G180300	Zm00001d031736	Zm00001d052738
Sobic.007G181500	Zm00001d031728	Zm00001d052732
Sobic.007G182101	Zm00001d031725	
Sobic.007G182500	Zm00001d031723	Zm00001d052725
Sobic.007G182900	Zm00001d031717	Zm00001d052728
Sobic.007G183000	Zm00001d031717	Zm00001d052728
Sobic.007G183050	Zm00001d031717	Zm00001d052728
Sobic.007G183100	Zm00001d031717	Zm00001d052728
Sobic.007G183200	Zm00001d031717	Zm00001d052728
Sobic.007G184800	Zm00001d031697	Zm00001d052717
Sobic.007G188701	Zm00001d031673	Zm00001d049903
Sobic.007G189400	Zm00001d031665	Zm00001d049870
Sobic.007G190333	Zm00001d031655	Zm00001d049860
Sobic.007G192900	Zm00001d031625	
Sobic.007G193300	Zm00001d031620	
Sobic.007G193500		Zm00001d049822
Sobic.007G197700	Zm00001d031561	
Sobic.007G200400	Zm00001d031544	
Sobic.007G203500	Zm00001d031522	
Sobic.007G204200	Zm00001d031515	
Sobic.007G205100	Zm00001d031501	
Sobic.007G205300	Zm00001d031499	
Sobic.007G205400	Zm00001d031498	
Sobic.007G207000	Zm00001d031487	Zm00001d052905
Sobic.007G209200	Zm00001d031463	
Sobic.007G209500	Zm00001d031454	
Sobic.007G210200	Zm00001d031451	Zm00001d052890
Sobic.007G210700	Zm00001d031445	
Sobic.007G211000	Zm00001d031441	
Sobic.007G212900	Zm00001d031416	Zm00001d052883
Sobic.007G217700		Zm00001d052847
Sobic.007G219500	Zm00001d031310	Zm00001d052838
Sobic.007G223400	Zm00001d031277	Zm00001d052815
Sobic.007G224400	Zm00001d031272	Zm00001d052807
Sobic.007G224800	Zm00001d031270	Zm00001d052804
Sobic.007G225600	Zm00001d031266	Zm00001d052798
Sobic.008G012700	Zm00001d023247	
Sobic.008G012800	Zm00001d023248	
Sobic.008G020300	Zm00001d023282	
Sobic.008G020600	Zm00001d023282	
Sobic.008G020700	Zm00001d023289	Zm00001d044662
Sobic.008G021800	Zm00001d023294	
Sobic.008G028600	Zm00001d023332	Zm00001d044680
Sobic.008G028800	Zm00001d023336	Zm00001d044682
Sobic.008G029200	Zm00001d023336	Zm00001d044682
Sobic.008G036900	Zm00001d023411	
Sobic.008G037900	Zm00001d023424	
Sobic.008G041100	Zm00001d023446	
Sobic.008G042700	Zm00001d023465	
Sobic.008G043000	Zm00001d023466	
Sobic.008G046600	Zm00001d023507	Zm00001d041920
Sobic.008G046700		Zm00001d041919
Sobic.008G050600	Zm00001d023535	
Sobic.008G051400	Zm00001d023539	Zm00001d041883
Sobic.008G051500	Zm00001d023541	
Sobic.008G051700	Zm00001d023541	Zm00001d041883
Sobic.008G055700		Zm00001d041853
Sobic.008G055800		Zm00001d041853
Sobic.008G063400		Zm00001d041818
Sobic.008G067900	Zm00001d035240	Zm00001d041831
Sobic.008G071400	Zm00001d035266	Zm00001d041791
Sobic.008G072900	Zm00001d023955	Zm00001d041781
Sobic.008G073200		Zm00001d041780
Sobic.008G082000		Zm00001d041160
Sobic.008G083200	Zm00001d024041	Zm00001d041142
Sobic.008G088842	Zm00001d023788	
Sobic.008G092300	Zm00001d023636	
Sobic.008G094700	Zm00001d023669	
Sobic.008G096000	Zm00001d023659	Zm00001d041056
Sobic.008G103500	Zm00001d023736	
Sobic.008G107500	Zm00001d035323	Zm00001d041740
Sobic.008G112500	Zm00001d023927	Zm00001d041702
Sobic.008G116800	Zm00001d023882	
Sobic.008G129300	Zm00001d030617	Zm00001d041604
Sobic.008G131400	Zm00001d030644	Zm00001d041580
Sobic.008G133700	Zm00001d030678	Zm00001d041576
Sobic.008G136100	Zm00001d030727	Zm00001d041549
Sobic.008G137500	Zm00001d030737	
Sobic.008G138600	Zm00001d030744	Zm00001d041536
Sobic.008G141900		Zm00001d041506
Sobic.008G144500	Zm00001d030858	
Sobic.008G145000	Zm00001d030862	
Sobic.008G147101	Zm00001d030891	
Sobic.008G147800		Zm00001d041351
Sobic.008G148101	Zm00001d030897	
Sobic.008G149100	Zm00001d030907	
Sobic.008G149300	Zm00001d030907	
Sobic.008G149400	Zm00001d030908	
Sobic.008G149650	Zm00001d030911	Zm00001d041377
Sobic.008G153600	Zm00001d030969	Zm00001d041397
Sobic.008G153700	Zm00001d030971	
Sobic.008G153900	Zm00001d030971	
Sobic.008G154000	Zm00001d030971	
Sobic.008G154100	Zm00001d030971	
Sobic.008G154200	Zm00001d030971	
Sobic.008G157100	Zm00001d030995	
Sobic.008G160500	Zm00001d031008	Zm00001d041444
Sobic.008G160600	Zm00001d031009	Zm00001d041445
Sobic.008G163700	Zm00001d031044	
Sobic.008G164800		Zm00001d041472
Sobic.008G165000		Zm00001d041474
Sobic.008G168100	Zm00001d031061	Zm00001d041489
Sobic.008G168300	Zm00001d031063	Zm00001d041491
Sobic.008G169400	Zm00001d031064	Zm00001d041497
Sobic.008G174650	Zm00001d031092	
Sobic.008G176300	Zm00001d031109	Zm00001d041277
Sobic.008G179800	Zm00001d031135	
Sobic.008G183900	Zm00001d031164	
Sobic.008G186100	Zm00001d031167	
Sobic.008G187500	Zm00001d031194	
Sobic.008G188900	Zm00001d031182	
Sobic.008G190800		Zm00001d041205
Sobic.008G191800	Zm00001d031225	
Sobic.009G006900	Zm00001d035701	
Sobic.009G011000	Zm00001d035671	Zm00001d011070
Sobic.009G011100	Zm00001d035671	Zm00001d011070
Sobic.009G011200	Zm00001d035670	
Sobic.009G011300	Zm00001d035670	
Sobic.009G014400	Zm00001d035651	Zm00001d011058
Sobic.009G016300	Zm00001d035609	
Sobic.009G016600	Zm00001d035605	
Sobic.009G016633	Zm00001d035604	
Sobic.009G023900	Zm00001d035535	Zm00001d010998
Sobic.009G024400	Zm00001d035514	
Sobic.009G024600	Zm00001d035512	Zm00001d010987
Sobic.009G025900	Zm00001d035498	Zm00001d010978
Sobic.009G027300	Zm00001d035470	Zm00001d010967
Sobic.009G028300	Zm00001d035457	
Sobic.009G028500	Zm00001d035455	Zm00001d010956
Sobic.009G030100	Zm00001d035440	
Sobic.009G030200	Zm00001d035439	Zm00001d010948
Sobic.009G031900	Zm00001d024725	Zm00001d010933
Sobic.009G032000	Zm00001d024725	Zm00001d010933
Sobic.009G036333	Zm00001d024781	
Sobic.009G036400	Zm00001d024783	
Sobic.009G036500		Zm00001d010907
Sobic.009G039000	Zm00001d024809	
Sobic.009G039100	Zm00001d024809	Zm00001d010889
Sobic.009G039200	Zm00001d024810	Zm00001d010889
Sobic.009G039500	Zm00001d024810	Zm00001d010889
Sobic.009G039600	Zm00001d024810	Zm00001d010889
Sobic.009G039700	Zm00001d024810	Zm00001d010889
Sobic.009G039900	Zm00001d024814	Zm00001d010889
Sobic.009G040000	Zm00001d024814	Zm00001d010889
Sobic.009G040100	Zm00001d024814	Zm00001d010889
Sobic.009G050600	Zm00001d037605	
Sobic.009G057000	Zm00001d037528	
Sobic.009G058600		Zm00001d009823
Sobic.009G068900	Zm00001d037607	Zm00001d009939
Sobic.009G072100	Zm00001d037769	Zm00001d010380
Sobic.009G073500	Zm00001d037749	Zm00001d009999
Sobic.009G073800	Zm00001d037749	Zm00001d009999
Sobic.009G075500	Zm00001d037737	
Sobic.009G084600		Zm00001d010415
Sobic.009G100500	Zm00001d038023	
Sobic.009G102400	Zm00001d038013	
Sobic.009G103800	Zm00001d038001	
Sobic.009G103900	Zm00001d037994	
Sobic.009G111200	Zm00001d037941	
Sobic.009G117700	Zm00001d037901	
Sobic.009G117800	Zm00001d037901	
Sobic.009G122600	Zm00001d038081	Zm00001d009971
Sobic.009G124200	Zm00001d038087	
Sobic.009G135000		Zm00001d010309
Sobic.009G137000	Zm00001d038189	
Sobic.009G138500	Zm00001d038197	Zm00001d010264
Sobic.009G140500	Zm00001d038207	Zm00001d010239
Sobic.009G141500	Zm00001d038216	
Sobic.009G142200	Zm00001d038221	
Sobic.009G142500		Zm00001d010232
Sobic.009G143400	Zm00001d038225	
Sobic.009G143700	Zm00001d038227	Zm00001d010227
Sobic.009G148100	Zm00001d038338	Zm00001d010201
Sobic.009G151600	Zm00001d038320	Zm00001d010175
Sobic.009G152100	Zm00001d038311	Zm00001d010168
Sobic.009G153400	Zm00001d038281	
Sobic.009G154200	Zm00001d038288	
Sobic.009G154300	Zm00001d038289	Zm00001d010144
Sobic.009G155050	Zm00001d038296	
Sobic.009G155200	Zm00001d038297	Zm00001d010131
Sobic.009G157500	Zm00001d038270	Zm00001d010087
Sobic.009G159900	Zm00001d038355	Zm00001d010060
Sobic.009G160000	Zm00001d038357	
Sobic.009G164600	Zm00001d038379	
Sobic.009G166200	Zm00001d038397	Zm00001d010574
Sobic.009G169650	Zm00001d038446	
Sobic.009G170800	Zm00001d038446	
Sobic.009G171600	Zm00001d038451	
Sobic.009G174300		Zm00001d010616
Sobic.009G175800	Zm00001d038504	
Sobic.009G177100	Zm00001d038518	
Sobic.009G178000	Zm00001d038527	Zm00001d010634
Sobic.009G178800		Zm00001d010638
Sobic.009G180500	Zm00001d038546	
Sobic.009G180700		Zm00001d010658
Sobic.009G181900	Zm00001d038557	
Sobic.009G182800	Zm00001d038574	Zm00001d010667
Sobic.009G184300	Zm00001d038584	Zm00001d010676
Sobic.009G184400	Zm00001d038585	Zm00001d010676
Sobic.009G187500	Zm00001d038609	
Sobic.009G187900	Zm00001d038612	
Sobic.009G191600	Zm00001d038660	Zm00001d010713
Sobic.009G195000	Zm00001d038683	Zm00001d010730
Sobic.009G196100	Zm00001d038693	Zm00001d010740
Sobic.009G196900	Zm00001d038698	
Sobic.009G198100	Zm00001d038704	
Sobic.009G199300	Zm00001d038717	Zm00001d010751
Sobic.009G200500	Zm00001d038812	Zm00001d010758
Sobic.009G202000	Zm00001d038801	Zm00001d010785
Sobic.009G206800	Zm00001d038761	Zm00001d010805
Sobic.009G208000	Zm00001d038746	Zm00001d010812
Sobic.009G211700	Zm00001d038832	
Sobic.009G212800	Zm00001d038843	
Sobic.009G214700	Zm00001d038863	
Sobic.009G216900	Zm00001d038878	Zm00001d009435
Sobic.009G221400	Zm00001d038907	Zm00001d009468
Sobic.009G224500	Zm00001d038930	Zm00001d009490
Sobic.009G230700	Zm00001d038994	
Sobic.009G231600	Zm00001d039004	
Sobic.009G231800	Zm00001d039006	
Sobic.009G233000	Zm00001d039017	
Sobic.009G233100	Zm00001d039019	Zm00001d009573
Sobic.009G234100	Zm00001d039032	
Sobic.009G234900	Zm00001d039044	Zm00001d009595
Sobic.009G235500	Zm00001d039049	Zm00001d009599
Sobic.009G236000		Zm00001d009604
Sobic.009G237600	Zm00001d039065	
Sobic.009G238200		Zm00001d009619
Sobic.009G238500	Zm00001d039077	Zm00001d009622
Sobic.009G239000	Zm00001d039080	Zm00001d009628
Sobic.009G241600	Zm00001d039101	
Sobic.009G243600	Zm00001d039113	Zm00001d009668
Sobic.009G244000	Zm00001d039116	
Sobic.009G244200	Zm00001d039116	Zm00001d009674
Sobic.009G244600	Zm00001d039119	
Sobic.009G247700		Zm00001d009698
Sobic.009G250000		Zm00001d009715
Sobic.009G252300	Zm00001d039185	Zm00001d009731
Sobic.009G260200		Zm00001d009778
Sobic.010G000100	Zm00001d045617	
Sobic.010G002900	Zm00001d045600	
Sobic.010G003700	Zm00001d045589	
Sobic.010G004300	Zm00001d045581	
Sobic.010G006000		Zm00001d035903
Sobic.010G006100		Zm00001d035903
Sobic.010G006300		Zm00001d035907
Sobic.010G008000	Zm00001d045560	Zm00001d035918
Sobic.010G008300		Zm00001d035921
Sobic.010G008433		Zm00001d035922
Sobic.010G013500	Zm00001d045533	Zm00001d035965
Sobic.010G016500		Zm00001d036003
Sobic.010G017400	Zm00001d045507	
Sobic.010G021200	Zm00001d045477	
Sobic.010G022400	Zm00001d045463	Zm00001d036050
Sobic.010G030100	Zm00001d045400	Zm00001d036118
Sobic.010G030200	Zm00001d045398	Zm00001d036118
Sobic.010G035100	Zm00001d045378	
Sobic.010G035200		Zm00001d036148
Sobic.010G041700	Zm00001d045323	Zm00001d036214
Sobic.010G045700	Zm00001d045283	Zm00001d036244
Sobic.010G047500	Zm00001d045262	Zm00001d036251
Sobic.010G051800	Zm00001d045212	
Sobic.010G052500		Zm00001d036297
Sobic.010G052600	Zm00001d045204	Zm00001d036298
Sobic.010G058000	Zm00001d045162	
Sobic.010G063900	Zm00001d045120	Zm00001d035835
Sobic.010G064700	Zm00001d045112	Zm00001d035845
Sobic.010G065500	Zm00001d045107	
Sobic.010G071600	Zm00001d045046	Zm00001d037098
Sobic.010G071700	Zm00001d045044	
Sobic.010G073600	Zm00001d045026	
Sobic.010G077200		Zm00001d037117
Sobic.010G078700	Zm00001d044973	Zm00001d037140
Sobic.010G079800	Zm00001d044953	Zm00001d037158
Sobic.010G080400	Zm00001d044950	Zm00001d037165
Sobic.010G081800	Zm00001d044940	Zm00001d037170
Sobic.010G085400	Zm00001d044899	
Sobic.010G089700	Zm00001d044857	
Sobic.010G090200	Zm00001d044850	Zm00001d037212
Sobic.010G092100	Zm00001d044836	Zm00001d037221
Sobic.010G092801	Zm00001d044825	
Sobic.010G096300	Zm00001d044785	
Sobic.010G101100	Zm00001d044746	Zm00001d037274
Sobic.010G104100	Zm00001d044726	Zm00001d037356
Sobic.010G106601		Zm00001d037334
Sobic.010G108500	Zm00001d045661	Zm00001d037327
Sobic.010G110100		Zm00001d037317
Sobic.010G111800		Zm00001d037315
Sobic.010G115800	Zm00001d045735	
Sobic.010G116200		Zm00001d037360
Sobic.010G119200	Zm00001d045772	
Sobic.010G123500	Zm00001d045804	
Sobic.010G131900	Zm00001d045887	
Sobic.010G148100	Zm00001d046053	
Sobic.010G148600		Zm00001d037054
Sobic.010G148800		Zm00001d037054
Sobic.010G152700	Zm00001d046096	
Sobic.010G155000	Zm00001d046126	Zm00001d037029
Sobic.010G155100	Zm00001d046126	Zm00001d037029
Sobic.010G160900	Zm00001d046174	Zm00001d037015
Sobic.010G162200	Zm00001d046323	
Sobic.010G162300	Zm00001d046323	
Sobic.010G163900	Zm00001d046305	
Sobic.010G164400	Zm00001d046299	
Sobic.010G164800	Zm00001d046292	Zm00001d036996
Sobic.010G168500	Zm00001d046246	
Sobic.010G169200	Zm00001d046223	
Sobic.010G170600	Zm00001d046204	
Sobic.010G172800	Zm00001d046346	
Sobic.010G173400	Zm00001d046354	
Sobic.010G181200	Zm00001d046441	
Sobic.010G183400	Zm00001d046405	
Sobic.010G183600	Zm00001d046402	
Sobic.010G185300	Zm00001d046501	Zm00001d036889
Sobic.010G186100	Zm00001d046519	Zm00001d036883
Sobic.010G189500	Zm00001d046783	
Sobic.010G190400	Zm00001d046774	Zm00001d036812
Sobic.010G191100	Zm00001d046759	Zm00001d036807
Sobic.010G191900	Zm00001d046755	Zm00001d036802
Sobic.010G192200	Zm00001d046755	Zm00001d036802
Sobic.010G192300	Zm00001d046755	Zm00001d036803
Sobic.010G192366	Zm00001d046751	
Sobic.010G192432	Zm00001d046751	
Sobic.010G193800	Zm00001d046740	Zm00001d036796
Sobic.010G194900	Zm00001d046718	
Sobic.010G199000	Zm00001d046664	
Sobic.010G200100	Zm00001d046651	
Sobic.010G200300	Zm00001d046651	
Sobic.010G201388	Zm00001d046632	Zm00001d036768
Sobic.010G202700	Zm00001d046621	
Sobic.010G207500	Zm00001d046568	
Sobic.010G207600	Zm00001d046564	Zm00001d036736
Sobic.010G209100	Zm00001d046805	Zm00001d036726
Sobic.010G209200	Zm00001d046805	Zm00001d036726
Sobic.010G214000	Zm00001d046925	
Sobic.010G215100	Zm00001d046913	
Sobic.010G215700	Zm00001d046906	Zm00001d036692
Sobic.010G218500	Zm00001d046937	
Sobic.010G220000	Zm00001d046947	
Sobic.010G221400	Zm00001d046967	Zm00001d036648
Sobic.010G223700	Zm00001d046974	Zm00001d036632
Sobic.010G224200	Zm00001d046981	Zm00001d036638
Sobic.010G227300	Zm00001d014405	
Sobic.010G228700	Zm00001d014378	Zm00001d036594
Sobic.010G229000	Zm00001d014377	Zm00001d036593
Sobic.010G230200	Zm00001d014364	Zm00001d036577
Sobic.010G236300	Zm00001d014507	
Sobic.010G240900	Zm00001d014565	Zm00001d036536
Sobic.010G247500	Zm00001d014630	Zm00001d036510
Sobic.010G249200	Zm00001d014656	Zm00001d036494
Sobic.010G253300	Zm00001d014690	
Sobic.010G254200	Zm00001d014698	
Sobic.010G254900	Zm00001d014705	
Sobic.010G256800	Zm00001d014723	
Sobic.010G257000	Zm00001d014723	
Sobic.010G259400		Zm00001d036435
Sobic.010G261700	Zm00001d014762	Zm00001d036426
Sobic.010G261800		Zm00001d036425
Sobic.010G262200	Zm00001d014765	Zm00001d036418
Sobic.010G267500	Zm00001d014795	Zm00001d036400
Sobic.010G269000		Zm00001d036392
Sobic.010G269700	Zm00001d014814	Zm00001d036382
Sobic.010G273700	Zm00001d014843	Zm00001d036364
Sobic.010G275700	Zm00001d014863	
Sobic.010G279600		Zm00001d036330
Sobic.K006800		Zm00001d014286
